"Data Source","Indicateurs du développement dans le monde",

"Last Updated Date","2025-10-07",

"Country Name","Country Code","Indicator Name","Indicator Code","1960","1961","1962","1963","1964","1965","1966","1967","1968","1969","1970","1971","1972","1973","1974","1975","1976","1977","1978","1979","1980","1981","1982","1983","1984","1985","1986","1987","1988","1989","1990","1991","1992","1993","1994","1995","1996","1997","1998","1999","2000","2001","2002","2003","2004","2005","2006","2007","2008","2009","2010","2011","2012","2013","2014","2015","2016","2017","2018","2019","2020","2021","2022","2023","2024",
"Aruba","ABW","Rémunération des employées (% des dépenses)","GC.XPN.COMP.ZS","","","","","","","","","","","","","","","","","","","","","","","","","","","","","","","","","","","","","","","","","","","","","","","","","","","","","","","","","","","","","","","","","",
"","AFE","Rémunération des employées (% des dépenses)","GC.XPN.COMP.ZS","","","","","","","","","","","","","","","","","","","","","","","","","","","","","","","","","","","","","","","","","","","","","","","","","","35.7184569406753","41.3529588394015","40.5892133865347","40.8471344125517","37.7930525199834","37.3525123540573","36.4067500728394","39.9089042946697","40.6273224223073","36.5902610040963","39.503885107339","37.7835869210488","32.2479114989161","31.5703759210791","","",
"Afghanistan","AFG","Rémunération des employées (% des dépenses)","GC.XPN.COMP.ZS","","","","","","","","","","","","","","","","","","","","","","","","","","","","","","","","","","","","","","","","","","","","","","","36.7641537328888","28.2277820784536","18.3605751100374","23.4535383334864","23.2801147984071","21.9683395897047","28.8093672830339","28.8305202485778","28.5808909988014","33.6964479786467","30.0932594614547","33.9507846723033","","","","","","","",
"","AFW","Rémunération des employées (% des dépenses)","GC.XPN.COMP.ZS","","","","","","","","","","","","","","","","","","","","","","","","","","","","","","","","","","","","","","","","","","","","","","","","","","","","","","","","38.1075037189274","37.3072330276234","39.604596223992","38.7838888343077","37.63330261891","37.9240968532445","37.1652245330448","","","",
"Angola","AGO","Rémunération des employées (% des dépenses)","GC.XPN.COMP.ZS","","","","","","","","","","","","","","","","","","","","","","","","","","","","","","","","","","","","","","","","20.679079812638","23.9661079473176","32.8560284140535","37.7595866238821","36.6201970142837","52.697900041867","36.4961785081504","38.6956787634996","34.9564016230683","36.5096325185758","46.7471963438214","36.1371563371655","31.3249355527468","35.9392059942862","31.0253854564896","32.9231216608023","47.8606341581186","48.2007241368032","44.6149468736818","38.4684501911376","39.503885107339","","","","","",
"Albanie","ALB","Rémunération des employées (% des dépenses)","GC.XPN.COMP.ZS","","","","","","","","","","","","","","","","","","","","","","","","","","","","","","","","","","","","14.2894457311021","13.506184561065","","10.6561513897546","","","","30.5713121213223","29.3518778558241","29.6739004281338","","","","","","","26.6061837832579","26.878818918257","25.5929427888447","24.8713076575217","24.4707539254482","23.0646147848576","23.7847238030566","23.5292983855356","23.8784786984864","23.2497923558788","22.722883232675","17.9471737349014","20.528064767933","",
"Andorre","AND","Rémunération des employées (% des dépenses)","GC.XPN.COMP.ZS","","","","","","","","","","","","","","","","","","","","","","","","","","","","","","","","","","","","","","","","","","","","","","","","","","","","","","","","","","","","","","","","","",
"Le monde arabe","ARB","Rémunération des employées (% des dépenses)","GC.XPN.COMP.ZS","","","","","","","","","","","","","","","","","","","","","","","","","","","","","","","","","","","","","","","","","","","","","","","","","","","","","","","","","","","","","","","","","",
"Émirats arabes unis","ARE","Rémunération des employées (% des dépenses)","GC.XPN.COMP.ZS","","","","","","","","","","","","","","","","","","","","","","","","","","","","","","","","","","","","","","36.8586267907083","36.7857142857143","35.9995839400874","","","","","","","","","","","","29.6668701092665","31.0860265526948","32.2269932564375","34.2673169281721","36.6698447163169","34.8242797290478","37.2783474261045","35.5720009648721","34.4651912141152","34.3002782771914","33.0748867533599","30.2065414983085","32.1623609580611","",
"Argentine","ARG","Rémunération des employées (% des dépenses)","GC.XPN.COMP.ZS","","","","","","","","","","","","","","","","","","","","","","","","","","","","","","","24.0385020726481","25.2646690280505","20.0341735898721","16.7858295364046","16.663972930559","17.2434470403934","16.4010369975529","16.4121399574715","15.0147548828471","15.0785091063823","14.6946991724446","14.2387188197442","11.3447434352894","11.6703669135449","11.506017531149","","","","","","","","","","12.8727107566052","13.1683821566656","12.4328607996944","12.7508379712161","12.0763220545805","11.6233519403192","10.0711174062971","10.487479392358","11.4466039205446","12.9118956781293","",
"Arménie","ARM","Rémunération des employées (% des dépenses)","GC.XPN.COMP.ZS","","","","","","","","","","","","","","","","","","","","","","","","","","","","","","","","","","","","","","","","","","","","","17.0590056542092","20.4519227335601","21.2973220253214","21.365911001366","21.0111270080831","24.7993137189694","23.5953113472846","23.5523515240019","22.2880190547627","21.7551516299014","21.5962887484815","20.9909674380824","20.7556604044706","21.730252124967","20.7390978788488","21.1602530143928","19.2051507495985","18.4095939642752","19.0682840675069","19.3306622363364","",
"Samoa américaines","ASM","Rémunération des employées (% des dépenses)","GC.XPN.COMP.ZS","","","","","","","","","","","","","","","","","","","","","","","","","","","","","","","","","","","","","","","","","","","","","","","","","","","","","","","","","","","","","","","","","",
"Antigua-et-Barbuda","ATG","Rémunération des employées (% des dépenses)","GC.XPN.COMP.ZS","","","","","","","","","","","","","","","","","","","","","","","","","","","","","","","","","","","","","","","","","","","","","","","","","","","","","","","","","","","","","","","","","",
"Australie","AUS","Rémunération des employées (% des dépenses)","GC.XPN.COMP.ZS","","","","","","","","","","","","","","","","","","","","","","","","","","","","","","","2.1418296730057","2.17120169621885","2.17141199787306","2.22865334162767","2.32995114618564","2.26971201588878","2.2457901055937","2.89170446055978","3.04850876913773","12.1348167109711","10.7220237011172","9.93222993222993","9.83814582424252","10.3775504272511","10.4309035687168","10.1978079596773","10.2970010607181","10.4851371350015","10.4748428111364","9.83882513980369","10.2865476761245","10.5207211946515","10.5322237472511","11.4802926753249","10.5808590131612","10.4309918448567","10.6421263688242","10.6421065898221","10.3452914891019","10.5265429434614","9.9570348724723","8.82767759811714","9.49417851519171","","",
"Autriche","AUT","Rémunération des employées (% des dépenses)","GC.XPN.COMP.ZS","","","","","","","","","","","","","31.9788119561105","23.4755906498714","23.1884057971014","23.5716918540361","23.9986868023637","23.3764292653763","22.6403960266204","22.467816371144","22.2134676534317","22.151186579378","21.8138234119057","21.4685817658726","21.3506279596458","21.5825647653175","21.4049993618612","20.9996888934979","20.0964131056459","20.4783685915761","10.1478534528828","10.1906038066069","10.0650836426501","9.80855947706326","9.74931601307916","11.1212654563835","10.9361297159146","10.8927589871684","10.8068910713699","10.9431145786844","10.7880687152629","10.4415250468674","10.3398416959486","10.4346751425704","9.83687323580979","10.9838042913663","11.0747029520093","10.9990117792837","10.9744247871532","10.8296857664858","10.9979511433889","10.7948790203353","10.6463605295193","10.421109614674","10.3326166469434","10.5741285878896","10.6437408450649","10.7748239560552","10.819011317871","10.8470576588586","9.91363510490037","9.79564744188738","9.68769801560497","10.0745827071506","",
"Azerbaïdjan","AZE","Rémunération des employées (% des dépenses)","GC.XPN.COMP.ZS","","","","","","","","","","","","","","","","","","","","","","","","","","","","","","","","","","","14.9030815070556","9.92417763772142","11.5316002720573","12.3558809774211","11.8641852449628","","","","","","","","","","18.2742141751363","18.952339223991","17.908275511931","18.3480709483681","14.0336431976682","14.1619233012181","14.9217569981676","14.4182906654995","13.5025436311856","12.1952514335216","16.3404602864393","15.8110418342719","14.688456947001","14.2548525340183","14.2241957542817","","",
"Burundi","BDI","Rémunération des employées (% des dépenses)","GC.XPN.COMP.ZS","","","","","","","","","","","","","","","","","","","","","","","","","","","","","","","","36.7586965632858","33.230052566349","31.0038437472066","33.3606214411759","34.9616358012293","47.8865381181932","38.4337715024996","35.8353182697496","36.8944480751402","","","","","","","","","","","46.6946036249603","45.9891786829631","46.5399961243584","45.427500354529","44.2182645486367","36.4067500728394","41.3183177773393","39.4252678775096","","45.5471298282946","43.4703852348247","48.0932554678187","","","",
"Belgique","BEL","Rémunération des employées (% des dépenses)","GC.XPN.COMP.ZS","","","","","","","","","","","","","","","","","","","","","","","","","","","","","","","","","","","","7.01114819996289","6.82030589688577","6.86360346419747","6.81409754553909","6.91972065281486","6.86222218969368","6.85701677972404","7.04397728506955","6.84171647079272","6.70804086786973","6.35644647167874","6.72512559654095","6.62361093255484","6.54371774734855","6.4605943593394","6.32662874893605","6.12071670539024","5.93508361298328","5.992207938826","6.29917064279852","6.40293506079901","6.31919988251577","6.34268743873793","6.20018144320909","6.10137031114273","5.75067705434068","5.74303802240182","5.88449700852498","","",
"Bénin","BEN","Rémunération des employées (% des dépenses)","GC.XPN.COMP.ZS","","","","","","","","","","","","","","","","","","","","","","","","","","","","","","","","","","","","","","","","","","","","","","","","","","","","","","","","","","","","","","","","","",
"Burkina Faso","BFA","Rémunération des employées (% des dépenses)","GC.XPN.COMP.ZS","","","","","","","","","","","","","","","","","","","","","","","","","","","","","","","","","","","","","","","","","","","41.2614619067597","43.9837302219311","42.2136034821062","42.7242901752007","41.4723284044834","41.7422017157259","43.8296453697914","45.7719447604705","46.3845452778601","44.7885727747058","40.1054224500583","43.4110079465476","49.32004714807","50.7502958500526","49.5664610708859","40.8096942850662","45.9536821044829","49.0897162461011","48.4766301526546","43.4561777404263","35.4564179588943","40.7140993624599","",
"Bangladesh","BGD","Rémunération des employées (% des dépenses)","GC.XPN.COMP.ZS","","","","","","","","","","","","","","","","","","","","","","","","","","","","","","","","","","","","","","","","","","27.2390658485914","26.3816256492539","25.3298882494693","25.4940381487535","23.2145864481078","23.8051449045174","24.8386979135368","20.6081854698453","18.9197308742466","21.2635191464254","21.7714237985969","20.3731629078842","19.2794613515377","21.0143194652078","21.5812729500047","25.1505664238407","29.036078731054","25.988451940825","23.0171441379589","22.4355500503213","20.3154371665602","","","",
"Bulgarie","BGR","Rémunération des employées (% des dépenses)","GC.XPN.COMP.ZS","","","","","","","","","","","","","","","","","","","","","","","","","","","","","","","3.24399983532996","4.34969772969736","6.24197244818294","5.98759286206632","5.92904986355743","10.1177130044843","7.80536529680365","12.9302400128221","18.9537038188443","18.9644771340402","20.4146096560957","18.3310259225665","19.2474764006971","19.6508700886505","19.6970449818639","19.703786899776","20.1674372897585","18.348637070903","19.6156949724479","19.3548517362387","19.9577002798874","19.9831515657068","19.0976843225978","19.3099653616349","17.1702397544514","18.583992992579","18.3086369218174","18.8089606487612","18.2598423895984","19.6223736441875","19.1762734129051","18.4026827265261","15.9598974627003","18.0169354755868","",
"Bahreïn","BHR","Rémunération des employées (% des dépenses)","GC.XPN.COMP.ZS","","","","","","","","","","","","","","","","","","","","","","","","","","","","","","","56.4072140484101","61.0800744878957","59.6348012889366","55.2904361431645","54.6348846008324","64.0482208827533","66.7712213291511","66.7710443912323","68.2953116579845","64.8756883030202","58.4488351518726","58.8711970429343","53.6952882085625","59.7767291978363","56.1553722460061","54.3388966379683","53.1497591360661","54.3059676383324","50.2991414830784","46.9254372326882","44.224189229396","41.2729333901849","47.9397327741972","45.5075168103723","44.8687544933166","46.1505680442426","45.7851535916651","45.1605426977627","43.2891951529291","42.2832060282253","39.5044309208303","","","","",
"Bahamas","BHS","Rémunération des employées (% des dépenses)","GC.XPN.COMP.ZS","","","","","","","","","","","","","","","","","","","","","","","","","","","","","","","54.9724282182924","53.7272225289895","52.6325151191747","55.9369202226345","57.4753804834378","54.936198791135","50.6450144179693","51.5680480439972","52.463422733043","47.8372180924783","42.545377745595","42.9296424452134","43.4052237997182","42.1721721721722","44.0701382653626","42.0798699566582","43.3027620414517","42.5876254626485","41.0421982715036","40.3091228156552","48.0062178658475","44.4031394282477","44.3032497889114","43.9510251379719","45.000321812891","34.7024846865539","32.2452019460436","29.5668558388298","32.6959535590615","29.0380697549359","28.4111768950123","23.607083791536","23.7995480169534","25.9142780855851","",
"Bosnie-Herzégovine","BIH","Rémunération des employées (% des dépenses)","GC.XPN.COMP.ZS","","","","","","","","","","","","","","","","","","","","","","","","","","","","","","","","","","","","","","","","","","","","","","27.9435675369171","28.7830348438471","27.539706536647","27.5832934086644","28.2336822081996","28.2169919169934","29.2560806501826","28.6540295192776","28.7752033474287","26.2585523236887","27.3973249379567","27.2444821995865","26.7927294376717","25.5375843607538","26.9669802257812","25.8393049946368","25.9391479482076","25.9801042071934","25.7687650200358","",
"Bélarus","BLR","Rémunération des employées (% des dépenses)","GC.XPN.COMP.ZS","","","","","","","","","","","","","","","","","","","","","","","","","","","","","","","","","2.40549828178694","4.15968732551647","3.38626722228479","4.75076877222848","9.93110761802333","8.9942362361841","10.2073118837628","9.16523818061112","10.6281215975667","12.2137900845573","13.7345729252416","12.1726236492785","13.2873394895677","13.4510412738843","12.7610744686705","11.2560645679159","10.1372772691219","10.5796007106162","11.9373553046802","11.6731059690479","11.4901001553565","12.0815193587369","11.9735593323846","12.3144506562511","11.7391716932448","12.9814142035142","14.4586118998405","13.7463716694365","13.1994753063365","13.3136180741364","13.3390941651965","14.0571655447896","",
"Belize","BLZ","Rémunération des employées (% des dépenses)","GC.XPN.COMP.ZS","","","","","","","","","","","","","","","","","","","","","","","","","","","","","","","63.8738804339911","63.7474298600517","55.4219994914392","54.5653256098113","53.7890747698245","54.9068016828014","51.3164311108703","51.6368341088216","52.9641597898059","51.0525285750092","51.0130443116511","48.3841102697586","49.0740556730592","44.9790464421401","39.5251619906542","40.6186728094139","35.3549933628033","38.2046805306714","39.4584761793573","40.9602716813723","40.4527821589275","40.6555726694308","52.777303391431","50.564343311831","51.9458952105263","53.5240593036645","53.007150554064","52.3801415269275","","","","","","","",
"Bermudes","BMU","Rémunération des employées (% des dépenses)","GC.XPN.COMP.ZS","","","","","","","","","","","","","","","","","","","","","","","","","","","","","","","","","","","","","","","","","","","","","","","","","","","","","","","","","","","","","","","","","",
"Bolivie","BOL","Rémunération des employées (% des dépenses)","GC.XPN.COMP.ZS","","","","","","","","","","","","","","","","","","","","","","","","","","","39.9451152579583","49.7102382485512","51.2282091917591","51.4954172696575","41.821417164758","42.2614764714347","36.9830061302087","33.7172207620232","39.9519478290716","40.414870878447","21.2335549582685","25.5415162454874","26.7385947964268","26.2477212882317","28.2558183112843","26.3875406205766","25.2633640004022","24.2701548757439","24.342740722365","23.255225791144","20.8305688439898","22.2160686672813","","","","","","","","","","","","","","","","","",
"Brésil","BRA","Rémunération des employées (% des dépenses)","GC.XPN.COMP.ZS","","","","","","","","","","","","","","","","","","","","","","","","","","","","","","","","","","","","","","","","","","","","","","","","","","","10.2715652967937","9.60505373155114","9.22927932048895","9.19912488113238","8.82385487107364","8.23235416761186","8.28044819378599","8.80405794575738","8.5825336161307","8.70451787894079","7.67413002197105","7.87559696898162","6.72304822457658","6.57564855815169","",
"Barbade","BRB","Rémunération des employées (% des dépenses)","GC.XPN.COMP.ZS","","","","","","","","","","","","","","","","","","","","","","","","","","","","","","","","","","","","","","","","","","","","45.2024109184121","41.5531795160383","32.6660091656437","31.8148049255059","29.5853119573114","28.1602255826608","29.0640339531658","28.4385003976893","29.7173521863485","27.6699280721045","26.9561241144577","26.3016570609813","24.3339509889089","24.7009811394992","","","","","","","","",
"Brunéi Darussalam","BRN","Rémunération des employées (% des dépenses)","GC.XPN.COMP.ZS","","","","","","","","","","","","","","","","","","","","","","","","","","","","","","","","","","","","","","","","","","","","","","","","","","","","","","","","","","","","","","","","","",
"Bhoutan","BTN","Rémunération des employées (% des dépenses)","GC.XPN.COMP.ZS","","","","","","","","","","","","","","","","","","","","","","","38.1220657276995","34.9628982976866","29.9251058287203","","","","43.4523098961442","51.7730496453901","47.8639607079974","47.4447328380918","43.3341787133316","39.7798742138365","31.0190504989416","30.9676442380496","25.6994343372573","34.7739387199448","40.5552523364486","37.6462660050236","42.4164795985739","37.9710847621986","39.3015209169586","36.2354219842944","38.5778876143435","37.1778840297704","39.4028532989517","39.5399374009723","31.5979547526258","35.010131843729","38.0750602864771","37.9130827575904","38.0441612595375","37.4724040723648","38.0896665658396","39.9331848756106","36.1886574406326","33.790357425751","30.4619467797366","38.7740050749802","40.3840615983684","","","","",
"Botswana","BWA","Rémunération des employées (% des dépenses)","GC.XPN.COMP.ZS","","","","","","","","","","","","","","","","","","","","","","","","","","","","","","","29.0756132817482","33.2972826821684","34.051724137931","34.4664031620553","32.5694005834762","30.4847986852917","30.9493711567716","","","","","","","","","","39.9515326002507","39.5429814585517","38.4337187010439","37.6649320950285","41.3529588394015","42.0442195558031","43.4343364979426","43.3972216657859","41.006746265897","43.3073444256187","43.6590953117736","43.3652068367499","43.7395063645562","50.6670245374967","49.4568930799771","50.1790631648364","50.3843306554891","50.3843306554891","49.0416657779858",
"République centrafricaine","CAF","Rémunération des employées (% des dépenses)","GC.XPN.COMP.ZS","","","","","","","","","","","","","","","","","","","","","","","","","","","","","","","","","","","","","","","","","","","","","53.4656912641883","","","","39.4741878591047","27.3874455304506","24.7183383931604","29.7313574569074","48.8255636415639","","69.4966605871073","60.7411196005384","50.4082847170459","47.8910066085624","49.1138944132945","50.2879583175504","38.6803700321848","49.9024265440372","","","",
"Canada","CAN","Rémunération des employées (% des dépenses)","GC.XPN.COMP.ZS","","","","","","","","","","","","","","","","","","","","","","","","","","","","","","","10.506628166426","10.4441223723977","10.3393951287586","9.93087214008777","9.89281498888806","9.58419723687722","9.23224258448663","9.30151994110769","9.19324577861163","9.24042686754551","10.3660826936598","9.79622141076048","10.8234657662657","10.8672599217045","10.9077506775068","10.6961453305496","11.1461668864193","11.1249369429965","11.2986526681692","11.8263564007534","11.2099006164297","11.8152680192627","11.5280194700716","11.9871875740391","11.5909340961602","10.7322603919721","10.4161494188015","10.8521228780506","10.8313762090183","10.470604244104","7.09495190223773","9.18842744013377","10.1933081072563","10.2576535984611","",
"Europe centrale et les pays baltes","CEB","Rémunération des employées (% des dépenses)","GC.XPN.COMP.ZS","","","","","","","","","","","","","","","","","","","","","","","","","","","","","","","","8.45988867673412","","12.3090136515686","15.4667410544468","17.1818651956559","17.4424227770054","16.0845033460176","18.2122473321042","18.7184401986851","18.3470592393609","17.7667668836546","17.217525150276","17.351505239836","17.4737744763656","17.702743612535","17.3577058066335","17.2786634369873","17.1401887807096","16.4392959153663","15.1123772884067","14.8668754587823","15.3991283543748","15.5438468046793","15.8335347029645","15.8201454940854","16.6843167656765","17.0149904819667","17.0340446393238","17.4220232243477","16.3367611500614","16.5338029698455","15.9409129137482","16.5807145664416","",
"Suisse","CHE","Rémunération des employées (% des dépenses)","GC.XPN.COMP.ZS","","","","","","","","","","","","","8.69231261601485","7.95366795366795","7.79818583871113","7.26867945162676","6.71000137570505","6.41541812421622","6.48399173767106","6.50845792527553","6.45151860621474","6.7848029486816","6.5992835209826","6.56552192142701","6.40102885765213","","","","","","7.40627155719133","7.13293711057181","7.15139963760967","6.70696019045465","6.62898324315704","6.50933586349952","6.32620966043828","5.98554178604424","5.80564984211693","5.55300107836899","5.8760641792032","6.41685642875656","6.08742283341879","6.55749752456481","6.58402413418469","6.42864152242908","6.40136752924205","6.51894347585294","6.60090652435028","6.72794028563296","6.79609817196047","6.79231378879207","6.94405801276503","6.94589357928911","7.0709481214411","7.06125778322185","6.93611619372708","6.9961561107616","6.99715040089882","7.08672983960441","6.31711409767959","6.3445887756735","6.99068317296604","7.02224845842534","",
"Îles Anglo-Normandes","CHI","Rémunération des employées (% des dépenses)","GC.XPN.COMP.ZS","","","","","","","","","","","","","","","","","","","","","","","","","","","","","","","","","","","","","","","","","","","","","","","","","","","","","","","","","","","","","","","","","",
"Chili","CHL","Rémunération des employées (% des dépenses)","GC.XPN.COMP.ZS","","","","","","","","","","","","","","","","","","","","","","","","","","","","","","","19.7994441434864","19.8486133941354","20.6312127775749","21.568117563461","22.3143453467809","22.6946830572081","22.7388006566908","23.2327660275856","22.9327911011579","22.8592586006163","20.919597014662","20.772968076638","20.6696366635322","20.8298708129574","20.9304567346167","21.3679565512559","21.2962962962963","21.4891162161917","20.5120356440227","20.5500981585265","20.8150571019125","20.8839277262168","20.8891530976082","21.2547677940851","21.2850755265325","21.0059372346384","21.2256979547524","21.404027625519","21.5691104981625","21.5031446160719","20.100230741603","15.8026533195869","19.4190420456719","19.9210415323048","",
"Chine","CHN","Rémunération des employées (% des dépenses)","GC.XPN.COMP.ZS","","","","","","","","","","","","","","","","","","","","","","","","","","","","","","","","","","","","","","","","","","","","","","","","","","","","","","","","","","","","","","","","","",
"Côte d'Ivoire","CIV","Rémunération des employées (% des dépenses)","GC.XPN.COMP.ZS","","","","","","","","","","","","","","","","","","","","","","","","","","","","","","","","","","","","","","","","","","47.4041591426322","46.0220929394369","42.415664071715","43.5559811667066","42.2243873191936","45.7573169784955","43.6358680839466","42.4920890799451","44.6118469903471","43.5820026024794","43.316563560648","44.5426471849713","49.5358251441159","53.2379138190563","33.3963443518022","33.2763822505699","30.3309656724473","30.9738836722101","32.376192366264","28.722827229502","25.6284023663425","22.4554466223438","23.3390797174372","",
"Cameroun","CMR","Rémunération des employées (% des dépenses)","GC.XPN.COMP.ZS","","","","","","","","","","","","","","","","","","","","","","","","","","","","","","","55.6161127730197","53.7127165988069","59.1858125104813","60.6035889070147","47.4974326918784","40.402129163721","","","38.4227690483249","37.0915473940049","","","","","","","","","","","","","35.9644409792447","36.6651630831259","36.8578229820385","38.5008877991037","39.5118678185021","43.8638629565848","39.9378635931009","35.3806667075939","37.1678236743041","34.6685190705039","","","",
"Congo, République démocratique du","COD","Rémunération des employées (% des dépenses)","GC.XPN.COMP.ZS","","","","","","","","","","","","","","","","","","","","","","","","","","","","","","","23.6025835737443","35.5567059573112","12.4963288077723","19.8855563425706","17.3574234197112","34.8579682233991","11.7792472653112","23.3165075936253","59.5158557195476","42.1564653425213","27.1374660739921","18.6740900427631","17.3534733418542","20.4709809022317","22.0814770095153","19.7356551117544","22.4184980449105","27.322451862631","33.0795233870805","32.073238011709","42.6051725508663","","32.7731563742392","35.513153965904","38.2475145991626","40.6498387279579","42.2929099680993","48.4528049653228","35.4477587981376","52.7844206354295","58.1256415919685","53.656196033174","37.3858203788972","","",
"Congo, République du","COG","Rémunération des employées (% des dépenses)","GC.XPN.COMP.ZS","","","","","","","","","","","","","","","","","","","","","","","","","","","","","","","","","","","","","","","","","","26.8043576940536","21.3437333806063","30.2681501249883","16.9609629869799","16.9452845123056","17.4482326822619","17.7320636392317","29.3999801297102","26.4986662591128","24.6048323037448","26.3364600486605","22.5192405516546","27.4008379879879","27.2576778714266","31.0317710399604","32.5966663360496","33.840977567101","25.762636858504","24.9166835462239","28.5726176426383","25.9007351106639","","","",
"Colombie","COL","Rémunération des employées (% des dépenses)","GC.XPN.COMP.ZS","","","","","","","","","","","","","","","","","","","","","","","","","","","","","","","","","","","","","","","43.3722179680301","42.2280894287067","45.0072959677038","","","20.1810664548139","","","","","18.3588265884608","18.7709914797218","18.3614925469826","23.026643541949","11.2504733839177","7.82903341843354","9.61090504924421","11.140376972923","10.7067874762732","11.3825818200372","13.3584008075432","10.6095546734081","10.6721346459045","9.53957487658297","9.47059827994553","9.82876909591071","",
"Comores","COM","Rémunération des employées (% des dépenses)","GC.XPN.COMP.ZS","","","","","","","","","","","","","","","","","","","","","","","","","","","","","","","","","","","","","","","","","","","","","","","","","","","","","","","","","","","","","","","","","",
"Cabo Verde","CPV","Rémunération des employées (% des dépenses)","GC.XPN.COMP.ZS","","","","","","","","","","","","","","","","","","","","","","","","","","","","","","","","","","","","","","","","","","","","","","37.2895687787162","35.7928638404644","34.9549990178889","35.1146161932876","40.4898127403422","41.3459579231787","40.5858659386108","42.2104088429606","43.1304402082889","41.8406142051167","38.3002088734061","38.4976224744577","38.2067900055262","41.9054351220917","39.7105312713852","39.8532652929836","","","","",
"Costa Rica","CRI","Rémunération des employées (% des dépenses)","GC.XPN.COMP.ZS","","","","","","","","","","","","","","55.6962025316456","54.2713567839196","","55.3254437869823","51.0588235294118","49.8387096774194","50.8152173913043","51.4541387024609","52.7589545014521","47.6249228871067","41.3716814159292","39.2156862745098","39.8601398601399","32.8373181742184","38.4848068197443","44.414336740978","45.4265060240964","45.3190314693588","43.6926110802983","42.3521945027584","40.9233918350328","35.735212605907","38.2742227083008","37.0138201546978","37.3636001592991","38.4305102123412","39.0099339585993","39.8644473433837","39.1801030307085","40.8851520226175","42.8588994774055","42.5884467685268","41.4127376054892","41.9553379945946","41.6224940165751","43.9583386812765","45.575507780005","47.9504609962177","49.1556558024183","47.6604840186184","47.5212523325731","46.2277811848879","43.4131156959354","45.1547933453276","46.932111974501","41.3834352467506","31.6136436352355","30.8144961117489","28.9649441831927","27.9490653436134","26.7645514392497","",
"Petits états des Caraïbes","CSS","Rémunération des employées (% des dépenses)","GC.XPN.COMP.ZS","","","","","","","","","","","","","","","","","","","","","","","","","","","","","","","","","","","","","","","","","","36.6291472244949","37.7978653577238","36.9534394292944","32.9711217284681","31.4780549831192","21.7312385823895","26.2562443588529","21.4896831563498","25.5674382361462","24.102061522852","","24.2462344361044","27.1015651101705","24.5121336746922","28.5774237812311","32.2605513854894","30.8763063297636","32.874326725663","32.1341436869829","","","","","",
"Cuba","CUB","Rémunération des employées (% des dépenses)","GC.XPN.COMP.ZS","","","","","","","","","","","","","","","","","","","","","","","","","","","","","","","","","","","","","","","","","","","","","","","","","","","","","","","","","","","","","","","","","",
"Curacao","CUW","Rémunération des employées (% des dépenses)","GC.XPN.COMP.ZS","","","","","","","","","","","","","","","","","","","","","","","","","","","","","","","","","","","","","","","","","","","","","","","","","","","","","","","","","","","","","","","","","",
"Îles Caïmans","CYM","Rémunération des employées (% des dépenses)","GC.XPN.COMP.ZS","","","","","","","","","","","","","","","","","","","","","","","","","","","","","","","","","","","","","","","","","","","","","","","","","","","","","","","","","","","","","","","","","",
"Chypre","CYP","Rémunération des employées (% des dépenses)","GC.XPN.COMP.ZS","","","","","","","","","","","","","44.8535745047372","40.9471649484536","39.784946236559","40.1674179008371","38.7641749595002","38.2808545104789","37.6767004822884","40.9780537717874","38.9804132009658","39.7888105062336","39.0750939129801","35.483034737024","37.5371669004208","36.3081654926085","38.8564789637613","36.0209316642725","33.995876437821","32.7387959812287","30.669850112747","31.3412279730943","30.25491197011","31.8660068202612","32.533007694144","38.5931993959087","39.0363275811147","38.4603588406686","35.375166002656","35.8051777095217","35.3974279077673","33.8246302367001","33.4449033850828","34.1736974689112","34.2355706249518","32.9038357171618","33.2763607678149","33.1641234213021","32.5759255154068","33.7022805660105","32.8617526099336","32.4906490913683","26.0440417032057","30.0471453607484","24.4612565621592","28.452754590985","29.2026367322172","29.5097737931403","26.3915885194658","28.3507385663711","27.8618262906476","27.0663016216423","27.808009839915","27.2204810875368","",
"République tchèque","CZE","Rémunération des employées (% des dépenses)","GC.XPN.COMP.ZS","","","","","","","","","","","","","","","","","","","","","","","","","","","","","","","","","","8.22740246868111","9.87098295412595","9.40260545823487","12.5691064731613","13.3311544730026","11.7106058828308","13.3496866186948","12.8634986700203","13.036318455813","13.8061533610935","11.4797851171319","11.9314425879964","12.5268415435274","12.758531125371","12.5188077997016","12.5735566247224","12.4106529408029","12.1269234981557","11.4169807691088","11.1923602366216","11.7973682473166","11.7058445780414","11.9787664741192","12.4044571732592","13.2206442691102","13.7139821063098","13.7271383960466","12.6721460471247","12.4791105527206","12.1241448782475","","",
"Allemagne","DEU","Rémunération des employées (% des dépenses)","GC.XPN.COMP.ZS","","","","","","","","","","","","","12.0176348547718","11.9855826261521","11.7458455522972","10.8452896589064","10.2669850227914","10.0734035454202","9.90557052276381","9.76618337757808","9.44605350179024","9.27467049678946","9.00104476412441","8.99137813055973","8.62375138734738","8.68547980706932","8.72623078926806","8.68219633943429","8.50275206006809","8.54130542482043","8.2051427196694","6.42633419615544","6.41670685866242","6.30782049071999","6.12106047882641","4.94477615417445","5.89481941373819","5.86919311153","5.78196907477576","6.42034509427936","6.40591905766144","6.20395909683824","6.17118426701083","6.10365194110125","6.14715510094023","6.0688094455998","6.11459867156192","6.10664004915234","6.18186833055724","6.13587639872752","5.95836350923831","6.22471568567755","6.29869321261242","6.29109092249118","6.31843387717972","6.30406231344683","6.28202217542221","6.26700130525933","6.35081911703886","6.38610495780002","5.92300680074218","5.67905287387008","5.71857956640974","","",
"Djibouti","DJI","Rémunération des employées (% des dépenses)","GC.XPN.COMP.ZS","","","","","","","","","","","","","","","","","","","","","","","","","","","","","","","","","","","","","","","","","","","","","","","","","","","","","","","","","","","","","","","","","",
"Dominique","DMA","Rémunération des employées (% des dépenses)","GC.XPN.COMP.ZS","","","","","","","","","","","","","","","","","","","","","","","","","","","","","","","","","","","","","","","","","","","","","","","","","","","","","","","","","","","","","","","","","",
"Danemark","DNK","Rémunération des employées (% des dépenses)","GC.XPN.COMP.ZS","","","","","","","","","","","","","20.7020682897736","21.2924323890538","20.2515322773223","20.4601205737648","18.798360838399","17.9432803349119","17.0143078779521","16.006212813517","13.7842335159121","13.6179067812275","13.3075236954801","12.9479427142532","12.4517157087675","12.5117043550247","12.5098344615508","12.9601484694813","13.1174034899934","12.7844362809874","12.4012129252345","12.0237159972503","11.6927938551851","11.5303798280508","11.3225652478218","9.77070708742995","9.71967191068357","9.76015452979876","9.92478970480308","10.4643502472071","10.3412737261378","10.4096722903907","10.5999078980841","10.5286937819797","10.2583853458131","10.1871786817915","10.364249008072","10.8534885556148","10.8053298531704","10.4565996887308","10.3163453834549","10.1161343023401","9.73965055341851","10.1608850111528","10.0850916429588","10.0858801762136","10.2613458995659","10.2632548648089","10.461968236649","10.7594674864726","9.74998779229923","10.2429640018949","10.7238202819254","10.963187619471","",
"République dominicaine","DOM","Rémunération des employées (% des dépenses)","GC.XPN.COMP.ZS","","","","","","","","","","","","","62.7989371124889","59.9280862964443","50.9399636143117","55.4302670623145","49.2937165124209","","49.9513145082765","45.0355479284138","47.4011359982853","50.418147606105","55.992076592935","50.1431024613623","51.7670439816815","43.8269768548819","41.7240690825597","42.8165306659647","37.9509147127029","41.2351649573362","48.1905403130786","38.5663343279237","34.2612419700214","31.7291814107101","36.005210771642","41.2571331747847","40.8914484064374","43.4091811639135","46.3420339817779","44.3150321244624","49.4498374388226","48.2965074975704","48.5305201765117","45.1590300853217","28.215429243302","34.4349395036938","33.0382917283961","34.4607137852003","31.3166690911856","35.6833219986575","37.2063913066333","36.7754855834522","32.0028862681988","37.9851899154027","36.6689850931731","37.9983970344015","36.2608981837814","35.6677299684891","38.6414890977728","34.6288882566161","30.4133585743992","32.7029219352788","33.8722955950317","34.3175743557683","",
"Algérie","DZA","Rémunération des employées (% des dépenses)","GC.XPN.COMP.ZS","","","","","","","","","","","","","","","","","","","","","","","","","","","","","","","","","","","","","","","","","","","","","","","","","","","","","","","","","","","","","","","","","",
"Asie de l’Est et Pacifique (hors revenu élevé)","EAP","Rémunération des employées (% des dépenses)","GC.XPN.COMP.ZS","","","","","","","","","","","","","","","","","","","","","","","","","","","","","","","","","","","","","","","","","","","27.779249101802","32.3588142414131","","","","","34.267468852495","35.48689961533","35.74739080359","33.4039376704053","29.5233126066272","28.4661054222838","27.3225266393764","28.0359210456317","27.4766607936583","26.8998504666466","26.3209004189039","25.8417676362012","27.3539663772391","26.0907365553125","27.3299524623388","","",
"de dividende précoce démographique","EAR","Rémunération des employées (% des dépenses)","GC.XPN.COMP.ZS","","","","","","","","","","","","","","","","","","","","","","","","","","","","","","","","","","","","","","","","","","","","32.8114684334416","28.5258327681502","","","","34.4491087281851","35.8458802231673","36.7054238298894","36.629838792321","35.7523371911213","37.104433924592","34.778029075356","36.4070708812393","35.4041045691723","35.7677816959816","35.9403204070418","35.1083795276106","33.0535869377219","33.0494705847581","29.8494485301635","","",
"Asie de l’Est et Pacifique","EAS","Rémunération des employées (% des dépenses)","GC.XPN.COMP.ZS","","","","","","","","","","","","","","","","","","","","","","","","","","","","","","","","","","","","","","","","","","","27.3411945574851","29.4831026822952","","","","","27.2201158843083","27.6908071667281","30.3934225892765","27.174847924419","27.6074557240654","25.931156958419","24.1642736986605","23.8387085772076","24.3516618099717","24.2879426608803","24.8336034524537","24.4513685217292","20.7122940558501","20.3594568642317","21.1787104500599","","",
"Europe et Asie centrale (hors revenu élevé)","ECA","Rémunération des employées (% des dépenses)","GC.XPN.COMP.ZS","","","","","","","","","","","","","","","","","","","","","","","","","","","","","","","","","","","","","","","","","","","","","","","","","17.3526269133725","18.2105854962498","17.9012234454675","17.777013270793","16.0335286590889","15.8918924447309","15.5850065350906","15.5384620582691","15.3299709712149","15.2192949705905","16.1957007117607","16.2031164170896","15.7516535251852","16.4996149264334","17.9471737349014","20.3935169946909","",
"Europe et Asie centrale","ECS","Rémunération des employées (% des dépenses)","GC.XPN.COMP.ZS","","","","","","","","","","","","","","","","","","","","","","","","","","","","","","","","","","11.2359295655889","11.2664494096698","11.1212654563835","12.5691064731613","12.9302400128221","11.8641852449628","12.7105634853635","12.953703897408","13.2898547932361","14.6508376796639","15.2360366191973","15.1256511263477","15.4669040315738","15.6202670107141","15.5112408347067","16.1420970669025","15.7748741876864","14.2985452054364","14.9453716971529","14.8367148372068","15.2484392553634","15.0544743600939","14.4182906654995","14.7758405083449","15.1598529899403","15.7356447516374","15.7077597248437","14.9041089801629","15.173409495217","15.2468324881502","15.6054132560615","",
"Équateur","ECU","Rémunération des employées (% des dépenses)","GC.XPN.COMP.ZS","","","","","","","","","","","","","","","","","","","","","","","","","","","","","","","","","","","","","","","","","","","","","","","","","","","","","","26.6472971660893","26.4780082603608","28.8212581319189","28.2138043276935","30.3598606544529","28.7331311712206","28.9944988102763","30.9142661624431","29.218477756156","28.5822889074061","","",
"Égypte, République arabe d’","EGY","Rémunération des employées (% des dépenses)","GC.XPN.COMP.ZS","","","","","","","","","","","","","","","","19.4506310319228","21.8206614387999","22.7324913892078","24.7129579004921","20.2116832892326","","20.9265858873842","19.3238570879754","22.2354813046937","22.1545901776036","23.985626590807","22.5264107188869","24.0162297932633","23.3476394849785","25.269483926357","26.5572918921259","23.4256517069678","17.4275310140515","20.2603143418468","20.6672811059908","22.0305010893246","22.7260227438166","23.8588921825773","","","","","29.8487079152299","29.9273527117857","28.8362362929984","28.4848361572727","23.3505384887529","24.1411459077079","23.4000487367344","24.5538081271266","24.8047398857874","24.3359516229823","25.9035555287296","24.2144217559896","25.7881597137745","27.19721169464","","","","","","","","","",
"Zone euro","EMU","Rémunération des employées (% des dépenses)","GC.XPN.COMP.ZS","","","","","","","","","","","","","","","17.771013814095","15.6061620897521","14.9085037674919","15.6925096637736","15.3050433611181","15.1644141292444","17.0583650108914","19.8169793909567","19.3758551045671","19.0330759479082","18.8218617105056","18.4224611941025","15.2793213335781","15.2130858728843","15.1723213015952","15.3858224415804","13.6312951888778","11.5553120282511","12.6653842773866","12.2131094711566","13.7685250529287","16.8504555319077","17.2774202740084","16.191855616983","16.8353349805061","16.8936812891243","16.2823366224109","16.2855855837797","15.7852034065981","15.4782985410488","15.3487463430607","17.3632838078428","17.2510726541535","17.1595134225017","16.6462714963847","16.151641675856","14.2985452054364","15.4307669458571","15.6925084839669","15.3975746816481","15.741553606972","15.6128629346047","16.2716765151873","16.5205481820396","16.125008625145","16.3014819415601","15.1882948829798","15.312237276009","15.0820689168866","16.0793018885833","",
"Érythrée","ERI","Rémunération des employées (% des dépenses)","GC.XPN.COMP.ZS","","","","","","","","","","","","","","","","","","","","","","","","","","","","","","","","","","","","","","","","","","","","","","","","","","","","","","","","","","","","","","","","","",
"Espagne","ESP","Rémunération des employées (% des dépenses)","GC.XPN.COMP.ZS","","","","","","","","","","","","","32.4013157894736","32.0215633423181","31.9313118139332","31.9901676762356","33.7133433713343","34.0916157114727","32.6808279711606","32.4334319526626","33.3722589853379","32.1299310282034","28.448976706373","26.7512836435788","24.7388948511898","18.7936487020687","17.6346052061781","20.1522807741226","20.4465427054497","20.4476340235109","14.2500046751984","13.334402371052","12.6653842773866","12.1172052907446","11.2518647542692","","","","","","","","","","7.69144053466463","7.94402489888776","7.87849954254346","7.775746496039","7.71150376837831","7.40391362867694","7.56031791924568","7.54308340707633","6.05407627938142","6.85642396603239","6.85925810300037","7.06462952947539","6.88568251396878","6.76046895694687","6.61411017103395","6.58399316490656","5.95954433078794","5.88580326360786","5.9724393253805","5.91292410276525","",
"Estonie","EST","Rémunération des employées (% des dépenses)","GC.XPN.COMP.ZS","","","","","","","","","","","","","","","","","","","","","","","","","","","","","","","","8.25305909919292","","","","19.6728957278541","19.2385695394737","19.4830619889932","19.3785435869326","21.240845425877","21.8850808826387","17.9000374787497","18.3988270629807","18.5283091493081","18.2292718251954","18.0422034172271","17.2510726541535","17.8118874606812","17.6341060650344","16.151641675856","16.1553574223531","16.3649730687232","16.1999413668995","16.3906587296367","17.0115917041106","16.6176421039555","16.555548119999","16.5323136338639","16.125008625145","16.3014819415601","15.4101167238172","15.6068214013221","15.921928364796","16.5807145664416","",
"Éthiopie","ETH","Rémunération des employées (% des dépenses)","GC.XPN.COMP.ZS","","","","","","","","","","","","","","","","","","","","","","","","","","","","","","","48.1141616714769","56.6868479377264","44.5936669949563","47.3584236652821","41.1757624398074","39.6806415306697","41.1080517313308","31.7993264630639","25.6860490773322","21.7541153732636","","23.2793542615321","16.0806149004418","16.9595857409852","13.7512395523445","12.3431842001217","21.3825666051383","27.4687279212899","15.8532668151171","14.9712830476246","14.4643490048065","12.8011160997175","10.2635467785654","9.33908955436653","9.86932587791604","10.8058100633335","10.5102313753435","11.1102815307419","11.7646205733356","12.0885877508183","13.6703248724984","12.9158363324983","14.1236362859867","14.8324838266639","",
"Union européenne","EUU","Rémunération des employées (% des dépenses)","GC.XPN.COMP.ZS","","","","","","","","","","","","","","","","","","","15.2639106957328","14.9168734264257","13.4615384615385","13.6179067812275","13.3075236954801","12.8957528957529","12.4517157087675","12.5117043550247","11.4333563867268","11.7314056821724","12.8424523586442","12.7369115066015","12.4012129252345","10.1906038066069","11.7794876126128","11.484753743351","11.3017996564461","12.6563453341479","13.4834162016945","13.9402861743097","15.7585619485902","14.0241132084709","14.481686982033","14.591986647488","14.7761116536963","15.0928701794993","15.1256511263477","15.5463647312608","15.662683313126","16.0567863054981","15.2801015146623","14.8957389351517","14.1890759168589","14.0943202429195","13.9594682302872","14.7918362678815","14.3999723576011","14.2722619108869","15.5588783415012","15.8316825858987","15.9398062292096","15.9529797784878","15.1540279481524","15.2594665301378","14.9693896947842","15.577889210725","",
"Fragile et les situations de conflit touchées","FCS","Rémunération des employées (% des dépenses)","GC.XPN.COMP.ZS","","","","","","","","","","","","","","","","","","","","","","","","","","","","","","","","","","","","","","","","","","","","","","","","","","","","","34.368798676742","","29.9716370809974","33.7425393133069","37.8291961450267","39.4252678775096","36.5902610040963","40.6224862906416","","","","","",
"Finlande","FIN","Rémunération des employées (% des dépenses)","GC.XPN.COMP.ZS","","","","","","","","","","","","","14.9972286008394","14.6547643200108","13.6781957928803","12.9301978350131","12.9449423815621","12.3136123136123","12.0878558263363","11.8236339404709","11.882864963863","11.9507938680536","11.753769282166","10.8661298818572","11.0259337791551","10.7072405988496","10.3568783119029","10.5880318228987","11.0041615044951","10.8120314992752","10.2075931410859","9.32606374009331","8.38348552219962","7.44695298707016","7.11063845392203","8.14101308011102","8.49319654582743","8.6686487991762","9.12621738158302","9.15964581393843","9.4938377784215","9.34785947879153","9.22051596824462","9.33905791926346","9.25107454664142","9.2217011669993","9.05735913071135","9.04052554076318","9.04604307024851","8.81052531881388","8.58828416191425","8.40828340551805","8.27838629614019","8.27403237353322","8.11223598905627","7.92937198968578","7.61528877152806","7.48990462763911","7.81766073391471","8.06220865479655","7.57460670219666","7.85781942287066","8.06787892626564","7.15355664043688","",
"Fidji","FJI","Rémunération des employées (% des dépenses)","GC.XPN.COMP.ZS","","","","","","","","","","","","","","","","","","","","","","","","","","","","","","","64.0321288527217","53.190163662042","50.9230520820252","45.6024841148903","46.8797670226044","46.136005070187","40.3281862866789","","","","","","","","44.0809188689016","42.1746531346352","44.7654646845734","44.5610525121209","45.0323956268397","42.4667011307364","38.3667928153298","36.7211021713005","35.7882718875059","32.2280719869436","31.5395330306414","30.9008497585608","31.5771023358982","31.1802492184778","29.9228724351175","30.4583656489502","31.1289298075126","28.6852227489418","27.884034063797","27.6504492266461","",
"France","FRA","Rémunération des employées (% des dépenses)","GC.XPN.COMP.ZS","","","","","","","","","","","","","18.2792207792208","18.4949348769899","17.771013814095","17.6357335386985","17.5223583968201","17.6881642160432","17.0965732087227","16.5012942191544","20.6551915602443","19.8169793909567","19.3758551045671","19.0330759479082","18.8218617105056","18.4224611941025","17.9151748829524","17.5513922043224","17.1041296399604","17.1842976509538","17.1638741315897","16.8485059068798","16.6780255087138","16.5527552328065","16.4606510094767","21.2690476887657","21.4899491243277","21.2485737320368","21.5204350919003","21.4724983452954","21.6915999037885","21.291194467159","21.023379894916","20.9469605969176","20.7064284875776","20.5672862386092","20.1823679428699","19.6957633948883","19.2255033496342","18.980956991254","18.2041641911948","18.6123348486679","18.4181632127882","18.1845055889427","18.118025783576","18.0437044466272","18.0903467873007","17.9685999514286","18.1601698182377","18.2237029099161","17.3971007688282","17.2227268197675","17.3470190266216","17.5868831234279","",
"Îles Féroé","FRO","Rémunération des employées (% des dépenses)","GC.XPN.COMP.ZS","","","","","","","","","","","","","","","","","","","","","","","","","","","","","","","","","","","","","","","","","","","","","","","","","","","","","","","","","","","","","","","","","",
"Micronésie, États fédérés de","FSM","Rémunération des employées (% des dépenses)","GC.XPN.COMP.ZS","","","","","","","","","","","","","","","","","","","","","","","","","","","","","","","","","","","","","","","","","","","","","","","","","30.7047177574416","36.3097763696862","36.1772770036806","36.5714197804465","32.1266923461557","31.0257575901949","29.3682730653891","27.8538381186154","28.0977851484218","24.9499726047959","24.0744502712588","25.1781153921361","26.1808757258323","","","","",
"Gabon","GAB","Rémunération des employées (% des dépenses)","GC.XPN.COMP.ZS","","","","","","","","","","","","","","","","","","","","","","","","","","","","","","","","","","","","","","","","","","","","","","","","","","","","","36.055611684799","38.9498655392477","42.683813257119","48.9070718773869","51.4766498396554","53.9536418915202","54.6274057999956","51.4574294256193","47.0441121483069","45.0362023926427","","","",
"Royaume-Uni","GBR","Rémunération des employées (% des dépenses)","GC.XPN.COMP.ZS","","","","","","","","","","","","","16.5803624775941","16.0247076990955","16.4506888555449","16.0860732826725","15.5856543304082","14.3699350923686","13.7638217572668","13.5282092052585","14.0864133263925","13.4754374659198","12.8974167349475","13.1010341817205","12.6064629258517","12.5231761974977","12.6039939241071","15.2943512359774","15.7417164635878","16.3502919694995","15.1117868447945","14.0410579043343","12.841045180211","11.2359295655889","8.79967573475392","15.5291133314988","15.5855577039164","15.8553055836081","15.6277242419245","15.2568719839428","15.0657302263123","15.7822235301281","15.4876574366439","15.3672289654105","15.6586528066024","15.4386919231125","15.6722617171624","15.5141176093856","14.5330842669517","14.5197153650387","14.075044367447","14.4599764484486","14.567681449631","12.7028630870515","13.12655309966","13.1159400618926","13.4404674945215","15.1768889901228","15.7166856700006","16.2565684397898","14.3412057793761","15.1401232061673","15.4115960594138","15.6054132560615","",
"Géorgie","GEO","Rémunération des employées (% des dépenses)","GC.XPN.COMP.ZS","","","","","","","","","","","","","","","","","","","","","","","","","","","","","","","","","","","","8.94614939200926","12.4573631914578","12.9141607435757","13.5575468404515","11.8414242832005","8.42844600526778","9.08751632767307","9.74675833260813","10.5309521902779","12.0065958981758","13.3198829021283","13.9757320621556","13.5905057875062","16.2072454250164","16.71875","17.9012234454675","16.765188018479","15.4975337448681","20.4087326497873","19.2022107413192","22.487062882233","21.50550970758","19.7662272170593","16.5244944989593","15.3281056541478","13.4837606364197","12.7018814014867","12.5881323374815","14.3567363172383","",
"Ghana","GHA","Rémunération des employées (% des dépenses)","GC.XPN.COMP.ZS","","","","","","","","","","","","","","","","","","","","","","","","","","","","","","","","","","","","","","","","","","35.8159360092357","45.9783154140725","41.6856674463901","39.6741778662411","40.1142011259896","42.2566080733204","37.5148557633728","34.6307486038751","39.9459767845139","35.7251166542665","38.3950024423137","35.4490626974435","39.4949451223922","36.2348566916844","38.0042675476406","35.2683084761403","36.7825654526351","36.10657945313","35.587870798605","32.9587841182815","33.0494705847581","28.3036438490991","","",
"Gibraltar","GIB","Rémunération des employées (% des dépenses)","GC.XPN.COMP.ZS","","","","","","","","","","","","","","","","","","","","","","","","","","","","","","","","","","","","","","","","","","","","","","","","","","","","","","","","","","","","","","","","","",
"Guinée","GIN","Rémunération des employées (% des dépenses)","GC.XPN.COMP.ZS","","","","","","","","","","","","","","","","","","","","","","","","","","","","","","34.3389557430386","37.1699751371404","39.4624614917258","46.6201033362435","","","","","","","","","","","","","","","","","","","","","","","","","","","","","","","","",
"Gambie","GMB","Rémunération des employées (% des dépenses)","GC.XPN.COMP.ZS","","","","","","","","","","","","","","","","","","","","","","","","","","","","","","","28.6790604371253","","","","","","","","","","","","","","","","","","","","","","","","","","","","","","","","","","",
"Guinée-Bissau","GNB","Rémunération des employées (% des dépenses)","GC.XPN.COMP.ZS","","","","","","","","","","","","","","","","","","","","","","","","","","","","","","","","","","","","","","","","","","","","","","","","","","","","","","","","","","41.3643827304561","45.1784205567636","48.6028141634974","42.4270737509649","48.21391869885","47.4528967734495","38.4356076791772","",
"Guinée équatoriale","GNQ","Rémunération des employées (% des dépenses)","GC.XPN.COMP.ZS","","","","","","","","","","","","","","","","","","","","","","","","","","","","","","","","","","","","","","","","","","","","","","","20.8901713885974","24.4512777505999","15.3243017663483","20.463701794274","17.141807253308","15.9457814351431","12.2411075851118","12.5600823680975","14.7402284853697","17.3502952607909","20.3146367438742","20.3604892889409","23.3831822446003","24.9342057939788","27.9642652950479","27.7607378303805","21.7010935415262","","",
"Grèce","GRC","Rémunération des employées (% des dépenses)","GC.XPN.COMP.ZS","","","","","","","","","","","","","57.8598601055344","53.2402982221374","52.4756053487532","54.6803443854186","49.0537780803267","49.3145623175554","36.1955327718784","36.247271283985","33.9043540328338","33.458828898206","24.9402040384647","30.1882358865046","29.8961147999456","29.8548612143326","27.8097936188931","25.8364397507878","26.0371859187588","24.2236845314063","21.9654544484827","","","","","20.8850410627448","19.5721073966752","21.9906963467286","21.5816920526581","22.031411647548","22.0074980578486","21.9720291173702","23.237081923831","22.5841354142724","23.2656020146481","23.4943184252638","22.8263029788889","22.1750856090867","21.4720819622219","22.3765237437938","21.525290399704","20.3983701060087","20.1636871997431","17.3778771207987","21.8651952419627","20.5703750551448","21.7404350265761","21.9295813194058","21.4265921399205","21.4080002678197","19.3762625964436","18.6632293708637","18.0575660028622","18.4664967300176","",
"Grenade","GRD","Rémunération des employées (% des dépenses)","GC.XPN.COMP.ZS","","","","","","","","","","","","","","","","","","","","","","","","","","","","","","","","","","","","","","","","","","","","","","","","","","","","","","","","","","","","","","","","","",
"Groenland","GRL","Rémunération des employées (% des dépenses)","GC.XPN.COMP.ZS","","","","","","","","","","","","","","","","","","","","","","","","","","","","","","","","","","","","","","","","","","","","","","","","","","","","","","","","","","","","","","","","","",
"Guatemala","GTM","Rémunération des employées (% des dépenses)","GC.XPN.COMP.ZS","","","","","","","","","","","","","","","","","","","","","","","","","","","","","","","37.3908991980393","35.3447784473958","36.0831390636941","40.9578422385981","42.1721910581237","49.7981859720305","","","","","31.3454255555528","30.7476149909986","30.8931825659519","27.0416075256242","28.1150884021795","25.4912661708057","25.4424771363127","25.0856377057375","26.6229802253757","29.0317947903988","29.5808791492296","30.3144376031086","29.2621616690719","31.0956428931526","33.9102046771188","36.4070708812393","35.5399006622043","36.4389936839006","35.7740613609537","36.4376279336679","33.1483897571623","34.7812202889856","31.1166081529208","31.9943792990755","",
"Guam","GUM","Rémunération des employées (% des dépenses)","GC.XPN.COMP.ZS","","","","","","","","","","","","","","","","","","","","","","","","","","","","","","","","","","","","","","","","","","","","","","","","","","","","","","","","","","","","","","","","","",
"Guyana","GUY","Rémunération des employées (% des dépenses)","GC.XPN.COMP.ZS","","","","","","","","","","","","","","","","","","","","","","","","","","","","","","","","","","","","","","","","","","","","","","","","","","","","","","","","","","","","","","","","","",
"Revenu élevé","HIC","Rémunération des employées (% des dépenses)","GC.XPN.COMP.ZS","","","","","","","","","","","","","","","","","","","17.0143078779521","16.006212813517","13.9353234211523","13.7882739223715","13.7614520115511","13.0244884479869","12.8286146046883","","12.7640156925426","14.084522000242","14.4763894965485","","13.3840766555416","11.233919184824","12.6653842773866","11.5303798280508","11.3225652478218","15.2912969778658","14.7380829822184","15.3533387777797","15.6277242419245","14.0241132084709","14.1689833228241","14.8044042839048","15.636430421621","15.4227637532296","15.6154445116888","16.4945546193953","16.7767325452856","16.8527006068357","16.3616101025866","15.7748741876864","15.6363744886489","15.4307669458571","15.6770927840487","15.7296479138045","15.925515798957","15.6128629346047","16.555548119999","16.5323136338639","16.3900232772243","16.6543525983808","15.1540279481524","15.4595293386656","15.4115960594138","16.0930639112516","",
"Chine, RAS de Hong Kong","HKG","Rémunération des employées (% des dépenses)","GC.XPN.COMP.ZS","","","","","","","","","","","","","","","","","","","","","","","","","","","","","","","","","","","","","","","","","","","","","","","","","","","","","","","","","","","","","","","","","",
"Honduras","HND","Rémunération des employées (% des dépenses)","GC.XPN.COMP.ZS","","","","","","","","","","","","","44.9172576832151","48.4744094488189","49.5009074410163","46.8785046728972","45.1698670605613","","","","","","","","","","","","","","","","","","","","","","","","","","","50.5845387001467","52.5114026485513","49.3760247892937","49.6665915883925","48.7327457718145","50.4410539331256","53.8310009804796","55.6664355714319","50.4285623927061","48.1898837123575","49.9826671024018","44.1849153360053","45.7197771981903","","","","","48.592981770147","","","","",
"Pays pauvres très endettés (PPTE)","HPC","Rémunération des employées (% des dépenses)","GC.XPN.COMP.ZS","","","","","","","","","","","","","","","","","","","","","","","","","","","","","","","","","","","","","","","","","","","","","","","","","","","35.7251166542665","","38.0974069462223","36.884798503859","37.5526687906006","36.7575902609581","36.6540538022301","38.3994981629178","37.6299140755145","37.63330261891","38.6803700321848","34.4531859556924","","","",
"Croatie","HRV","Rémunération des employées (% des dépenses)","GC.XPN.COMP.ZS","","","","","","","","","","","","","","","","","","","","","","","","","","","","","","","","22.694506587124","16.1340995003699","20.9697595398745","25.9061698360123","24.5438605407603","21.9298348160531","22.0016007543281","21.6142257249189","20.5365591198352","18.3470592393609","18.2866278811565","15.7852034065981","15.3224336887738","15.1564018952498","15.6258254309477","16.3023924364177","17.1595134225017","16.0769487087886","16.7269501548765","15.9286881634136","15.5448855530217","16.1940661953862","15.3975746816481","14.3644052057258","14.3606055088563","14.8460801678152","15.1428169897578","15.7546038332742","15.6044776154156","15.1882948829798","15.2066957842666","14.8567104726819","14.53065451884","",
"Haïti","HTI","Rémunération des employées (% des dépenses)","GC.XPN.COMP.ZS","","","","","","","","","","","","","","","","","","","","","","","","","","","","","","","","","","","","","","","","","","","","","","","","","","","","","","","","","","","","","","","","","",
"Hongrie","HUN","Rémunération des employées (% des dépenses)","GC.XPN.COMP.ZS","","","","","","","","","","","","","","","","","","","","","","7.13081185256565","7.34553775743707","7.54098360655738","7.57890365448505","8.28125","7.69230769230769","6.59060201170995","8.40347361389446","7.91740282685512","6.56108597285068","8.66671825427532","8.66526904262753","8.68770496209881","8.51650719765538","10.0864286264924","10.1804675653934","10.5298603050472","10.6945497447091","11.3145901312636","12.4592594860431","12.9604026279244","13.7222560841158","14.3866810778052","13.9497239667662","13.8435991271017","13.1237212451716","13.0624893943409","12.7324044259691","12.1528395131656","11.9589846009909","11.3039514916933","13.2409591417233","16.0055253897517","16.9321374527183","17.6828007292521","18.4669801982938","19.3283006064796","19.8725883198445","20.2052002445123","19.2717191694751","19.3532432001873","19.0346097305925","","",
"BIRD seulement","IBD","Rémunération des employées (% des dépenses)","GC.XPN.COMP.ZS","","","","","","","","","","","","","","","","","","","","","","","","","","","","","","","","","","","","22.4109224109224","21.746733808536","21.7154189159314","22.9327911011579","21.0667696033588","22.406127596127","23.2220083086114","25.2633640004022","24.2701548757439","23.8342418506436","26.3096649287086","24.1631418067046","24.4512777505999","22.4448659465421","24.6045794752217","23.0165616829781","23.5523515240019","24.2462344361044","21.7551516299014","22.7113133897943","23.7254254535472","22.3990598503699","21.9120107757068","23.3831822446003","24.0034235040938","23.0320903768343","20.8631012051291","19.2040156052455","21.3804717647236","",
"BIRD et IDA","IBT","Rémunération des employées (% des dépenses)","GC.XPN.COMP.ZS","","","","","","","","","","","","","","","","","","","","","","","","","","","","","","","","","","","","","","","","","","","","","28.215429243302","","28.7830348438471","27.4687279212899","28.8070340868951","27.6908071667281","27.8116429102834","27.3658775140015","28.6540295192776","27.1015651101705","27.2901022554015","28.5774237812311","30.1047996773113","30.3454131634501","27.699412702933","28.9944988102763","28.9091876895648","25.9199415294358","22.271418998025","","",
"IDA totale","IDA","Rémunération des employées (% des dépenses)","GC.XPN.COMP.ZS","","","","","","","","","","","","","","","","","","","","","","","","","","","","","","","","","","","","","","","","","","","","","","","","","","","35.7362537289283","","36.0269162108154","","36.5463398368614","36.4067500728394","35.8708915357581","37.4177375946463","36.10657945313","35.587870798605","37.1678236743041","33.0494705847581","","","",
"IDA mélange","IDB","Rémunération des employées (% des dépenses)","GC.XPN.COMP.ZS","","","","","","","","","","","","","","","","","","","","","","","","","","","","","","","","","","","","","","","","","","","","","","","","","","","","","40.253544082108","","35.559900412386","33.0675575784719","32.5966663360496","30.3309656724473","28.7190078339437","28.646437956244","28.6477224360702","24.2061444089526","","","",
"Indonésie","IDN","Rémunération des employées (% des dépenses)","GC.XPN.COMP.ZS","","","","","","","","","","","","","31.9327731092437","25.130890052356","22.6534932956951","24.7318235995232","23.2732732732733","30.1757393913416","28.9968096419709","26.5944928218404","25.6376929325751","23.9908503767492","23.163492456097","21.8052738336714","21.6248288452761","21.5871297084075","24.0649540795954","26.056195674146","26.0131537738804","27.068912077694","24.2424242424242","26.5532081377152","26.6303026320113","27.7783440644661","22.9221255633581","20.0530155421632","23.0680026816938","13.6696183160924","11.7759798059281","10.6495263870095","","","7.42620325787151","14.5583857687751","12.7333360243823","","","","12.3525404124159","14.8183099212789","","","","","","","","","","","","","","","",
"IDA seulement","IDX","Rémunération des employées (% des dépenses)","GC.XPN.COMP.ZS","","","","","","","","","","","","","","","","","","","","","","","","","","","","","","","","","","","","","","","","","","","","","","","","","","","35.7251166542665","","35.7692270699149","","38.2475145991626","37.1084304490769","36.8346330090843","38.6364903965097","37.4130681451317","39.9047802639544","39.0835324768974","37.1652245330448","","","",
"Île de Man","IMN","Rémunération des employées (% des dépenses)","GC.XPN.COMP.ZS","","","","","","","","","","","","","","","","","","","","","","","","","","","","","","","","","","","","","","","","","","","","","","","","","","","","","","","","","","","","","","","","","",
"Inde","IND","Rémunération des employées (% des dépenses)","GC.XPN.COMP.ZS","","","","","","","","","","","","","","","23.3698788228505","21.5388186143669","18.8031560610718","17.404831625183","15.9158922664987","14.248159831756","14.2823939570017","14.1999491223607","13.9445333794834","13.8022366097705","13.5254186151757","12.4508102559089","13.1796121475232","13.1379697139652","12.6480078037068","11.5277213647441","11.1763782705199","10.8964010080328","10.9710948499122","10.0678374915203","9.66086672575454","9.91941494317123","9.95366598778004","11.7682002358428","11.5102645038497","10.925348997598","10.2691310478674","9.23235505766575","9.71689767030374","9.00165283936654","8.87675937312709","8.43218939721086","7.63520957639078","7.06914751997174","8.58899322076719","10.6340063009153","8.88134086724653","8.8406484026922","8.62654109802068","8.1283070552295","9.67505068516744","8.42368384290461","9.62912574108486","9.45583554247434","9.01664707392544","","","","12.0578066110359","","",
"Non classifié","INX","Rémunération des employées (% des dépenses)","GC.XPN.COMP.ZS","","","","","","","","","","","","","","","","","","","","","","","","","","","","","","","","","","","","","","","","","","","","","","","","","","","","","","","","","","","","","","","","","",
"Irlande","IRL","Rémunération des employées (% des dépenses)","GC.XPN.COMP.ZS","","","","","","","","","","","","","15.8620689655173","15.8857142857143","15.3051643192488","15.6061620897521","14.9085037674919","14.0973169622556","13.5135135135135","13.8275340393343","13.4615384615385","13.9586410635155","13.4425754060325","12.8957528957529","13.050766283525","12.6612466124661","12.9240374609782","12.8747795414462","12.567501227295","13.5873472322071","14.0685124354763","14.367816091954","14.6292098445596","14.0515047162749","13.7685250529287","17.0964554432111","17.1124177710114","17.0303724561862","16.6051570960989","15.8293080157297","15.5519552854306","14.8044042839048","14.6398548535979","14.8633066702248","15.0949003574456","27.0058636015704","27.1577577807265","27.6571595003577","26.652183296344","24.4425802421108","16.4297904548986","23.7770427842055","24.7145490924075","24.3385631922413","25.4050337431067","24.5407912929394","25.7732191297152","26.5605899338213","26.4809598777136","27.2762888796098","23.8239835870731","24.5370795761263","26.5407487659159","","",
"Iran, République islamique d’","IRN","Rémunération des employées (% des dépenses)","GC.XPN.COMP.ZS","","","","","","","","","","","","","48.8880652335063","44.1671503192107","26.569908079342","28.8981288981289","33.2578064150676","37.9958508832589","46.2064251537936","61.7263744923319","57.8859060402685","55.9311953886271","56.0783191628515","55.5603666017175","56.4011714089446","62.4624935333678","66.9794763422759","64.484321411073","57.4777285621858","60.5945588559395","52.7191471031661","58.4624049563503","51.0968646699389","58.2300997395337","59.8747236551216","55.9411504274087","60.4950846855383","62.3827187431813","63.195914808818","54.1862606775676","56.6257851877228","51.0244631439513","47.5328747795","44.9788902641082","44.4130355610803","40.4200090291103","38.1424911303406","36.2691165159145","36.7202068122243","39.7995782290829","","","","","","","","","","","","","","","",
"Iraq","IRQ","Rémunération des employées (% des dépenses)","GC.XPN.COMP.ZS","","","","","","","","","","","","","","","","","","","","","","","","","","","","","","","","","","","","","","","","","","","","","","","","","","","","","","","44.3229664897074","59.5991162784337","58.2657737843495","54.8634838137575","53.2683959817953","51.9157729676179","","","","","",
"Islande","ISL","Rémunération des employées (% des dépenses)","GC.XPN.COMP.ZS","","","","","","","","","","","","","26.6666666666667","26.8045417680454","25.6580565805658","24.4565217391304","26.6686139915291","28.6118980169972","29.2359424621707","27.8183358205945","29.4263599341946","28.830952946365","","","","","","35.3227013301978","34.0263648288432","27.4370832786989","29.6406311132106","29.9694786570609","29.7473119637344","30.9920742943706","30.0864026869918","31.0996651112194","30.4952705346252","30.4610641564528","30.87800465872","29.5795751712259","29.2046877881601","29.7630424080288","31.2712945240215","31.1532504900894","31.3568957878694","27.3551163824017","26.6237048286371","25.5288266641033","15.775700479173","19.0296036837931","20.5169908963527","19.5387276873967","20.6036317311528","21.9469179421985","22.1507122787706","23.5894260257927","21.6538822590352","25.7753708807121","26.2033230437997","26.3529166044741","24.242329977608","24.4834407719769","24.8992247212169","23.8498128339452","",
"Israël","ISR","Rémunération des employées (% des dépenses)","GC.XPN.COMP.ZS","","","","","","","","","","","","","14.2857142857143","16","11.4285714285714","11.5384615384615","12.5","11.214953271028","14.4654088050314","14.2857142857143","13.4328358208955","11.9168356997972","14.0803286170698","10.0469345849223","10.9043614489883","10.9962949804598","12.2355362399689","13.5874689826303","14.4180256298683","15.5910564328095","15.4779318993764","14.607108588694","14.2111817526381","14.9763717977568","16.1623032982863","17.0179114455523","16.3967376070772","16.5756391979709","16.0536255251251","16.9432273941853","22.7915551862318","22.6872152914436","21.1190991521543","22.5108028770185","22.4597596992604","22.1989135484403","22.2352221694504","22.3813873279667","22.4554193034159","22.2164980010567","23.2423597458882","23.2791112453177","23.4515088503522","23.6031851090381","24.1400768083334","24.4392088560519","24.2961218454972","23.8785285108523","23.5137338697619","23.4842360190192","20.1725271106813","20.4864453664322","21.2565116109968","22.2608488196064","",
"Italie","ITA","Rémunération des employées (% des dépenses)","GC.XPN.COMP.ZS","","","","","","","","","","","","","","18.9455132912321","18.0284629431031","15.276061650517","14.7733143315222","15.6925096637736","12.8960699268285","12.9108161990571","12.650808753568","","","","","","10.1916293259606","10.52384901765","13.24051296323","12.6893867322156","13.1940779422794","12.9200202498954","11.8661813700404","11.4391276586512","11.2810340650705","12.6563453341479","13.4834162016945","13.9402861743097","14.0886059472216","14.0241132084709","14.481686982033","14.591986647488","14.9123684537947","15.4782985410488","15.3487463430607","15.4669040315738","15.0229741898343","15.1212487528307","14.4832543205361","14.1533423242197","14.2985452054364","14.0672295745322","13.5397731882758","13.5382987675751","13.4214073014215","13.1413466396727","13.325327172132","13.3736283088174","13.5347771979566","13.5165897230347","12.2737105977694","11.7535497147778","11.2095451295846","10.865672468578","",
"Jamaïque","JAM","Rémunération des employées (% des dépenses)","GC.XPN.COMP.ZS","","","","","","","","","","","","","","","","","","","","","","","","","","","","","43.0262440619889","41.3842544316997","38.2530120481928","36.5300923967703","26.7101256593901","42.0626505264237","33.4522931064045","36.4449897039154","38.0581484042913","40.8708567552372","38.1497084107612","34.6901250956258","37.1650857518054","37.8568072818902","40.0417309630524","34.8997572322806","33.7170157028472","32.8260572488287","35.0374338406994","34.1017600704117","35.9613494517844","32.6284080168114","38.3887566930162","39.8857996453806","40.7671620254059","43.645611521548","40.0938030078757","39.438872512173","38.809683031614","38.2554765618196","37.1708563978581","35.9990612450503","38.0068190484017","","","","",
"Jordanie","JOR","Rémunération des employées (% des dépenses)","GC.XPN.COMP.ZS","","","","","","","","","","","","","","","","","","","","","","","","","","","","","","","59.6442861325266","59.7041585915427","62.5178120617111","66.450605931066","66.2545226894006","66.7954106554584","64.3954117871555","66.6059369049739","65.5004281972583","69.014603494754","70.0282763707893","69.0811270328339","67.0429046332848","67.4301998582166","57.7219795095837","39.4147966559809","39.5477866944271","25.9743103196614","48.7539036188843","49.7681546683433","52.130479506251","47.3483157215856","46.0310852067721","48.2754323103287","45.7177422719119","48.0766501064585","49.5419107306217","49.6940640478902","46.8219658605272","48.4343537866091","47.4453306480221","46.4293221874476","45.2588714368819","46.0043238422088","",
"Japon","JPN","Rémunération des employées (% des dépenses)","GC.XPN.COMP.ZS","","","","","","","","","","","","","","","","","","","","","","","","","","","","","","","","","","","","","","","","","","","","","","","","","","","","","","","","","","","","","","","","","",
"Kazakhstan","KAZ","Rémunération des employées (% des dépenses)","GC.XPN.COMP.ZS","","","","","","","","","","","","","","","","","","","","","","","","","","","","","","","","","","","","","","","","11.3095321351143","9.05994985099538","9.06089909045924","9.71409677781991","7.81679303041162","9.06520626696007","","","","","","7.28652587454332","7.26191080397065","7.25854479148588","7.80639185401903","7.02884675031557","6.8697859070725","6.02230582973686","4.67683724616022","6.28866911173627","5.84607227440685","6.35319454584806","5.81550971104875","5.29087876743339","5.16335851145741","",
"Kenya","KEN","Rémunération des employées (% des dépenses)","GC.XPN.COMP.ZS","","","","","","","","","","","","","","","","","","","","","","","","","","","","","","","","","","","","","","","","","","","","","","","","","","","","","","","35.559900412386","32.7387708051416","30.1047996773113","25.5652917668348","28.7190078339437","36.157006195499","34.3595142236755","22.7838864515627","20.905676003431","18.4015857274854","",
"République kirghize","KGZ","Rémunération des employées (% des dépenses)","GC.XPN.COMP.ZS","","","","","","","","","","","","","","","","","","","","","","","","","","","","","","","","","","","","","","","","","","","","","","","","","","","","","","","39.7952441428901","40.0242339075172","41.2822671199581","39.5004044462742","37.1962222147489","40.3806761746126","43.3218586026287","42.0019196120959","45.8712432167121","43.6019131532958","",
"Cambodge","KHM","Rémunération des employées (% des dépenses)","GC.XPN.COMP.ZS","","","","","","","","","","","","","","","","","","","","","","","","","","","","","","","","","","","","","","","","","","","37.2693201896987","35.6955841550975","36.4783111206239","36.3707945778941","33.0296914244831","36.8213794464106","38.8835074187883","37.8752617034506","35.74739080359","33.4039376704053","34.2787965626612","37.7554437285917","39.4533965777355","44.4356804584935","45.7755284716229","46.6964205621303","48.3913643010864","45.3553180849438","45.3297813670647","40.6699949621676","41.0988362723487","38.9479527776872","",
"Kiribati","KIR","Rémunération des employées (% des dépenses)","GC.XPN.COMP.ZS","","","","","","","","","","","","","","","","","","","","","","","","","","","","","","","","","","","","","","","","","","","","","","","","","","","","44.5428910339882","40.6966139243754","39.3152800015361","42.0352198891428","38.5699196337091","35.084676375869","33.4621858526777","41.176687089431","38.0937464102495","33.7211116280221","32.3099554681508","32.77196310898","31.4344377862823","",
"Saint-Kitts-et-Nevis","KNA","Rémunération des employées (% des dépenses)","GC.XPN.COMP.ZS","","","","","","","","","","","","","","","","","","","","","","","","","","","","","","","47.0354196991752","50.2006852667646","51.6742493175614","49.2175464201735","","","","","","","46.4249406980685","45.700325732899","50.6380984118033","51.054819805439","50.2738594396468","48.6381616624762","48.062108888167","49.884908965737","39.5558084060148","42.8952175905703","42.1586750669634","37.317622537484","40.6726933352853","42.2615862142781","41.4554926678672","40.3184145024186","32.0077428904893","44.813829787234","","","35.6986215538847","","","","",
"Corée, République de","KOR","Rémunération des employées (% des dépenses)","GC.XPN.COMP.ZS","","","","","","","","","","","","","16.9440242057489","18.24","15.353121801433","15.4215215901302","16.6034155597723","18.8165680473373","17.6264250219234","16.3892985043185","17.658896528593","17.575429576512","16.2882527147088","17.376879212027","16.318380235906","15.4537286612758","15.1048540841766","14.5815750178537","14.5347533632287","13.8118242466069","14.2029857481292","14.2083854818523","14.4318547954033","14.5013059881977","13.7651657031186","15.0534806242329","14.3746732679357","14.2655187525623","12.1956942180928","11.454143106071","11.117503633097","10.7333765689223","11.3964167874315","10.4547843117037","11.6723124561806","11.4520013527763","11.1129395545197","11.0672521726985","10.8434996287115","10.0966096117194","10.2740850822578","10.1242942854752","9.81113406944065","10.1444469704951","10.3331103672827","10.3119799086038","10.5077569765658","10.2988006020367","10.2223390490248","9.61697319177771","9.32004389363723","8.81852980715589","7.92612667521188","8.78597794886637","",
"Koweït","KWT","Rémunération des employées (% des dépenses)","GC.XPN.COMP.ZS","","","","","","","","","","","","","42.5742574257426","38.0434782608696","28.1081081081081","","","26.9969666329626","29.0909090909091","29.3643688451209","32.7397260273973","28.5377358490566","29.4516971279373","30.6339657565942","33.643486777669","33.5032437442076","39.2234942757591","43.0220356768101","37.8011388523872","36.986301369863","37.7647058823529","6.14075087399301","20.7255813953488","26.5546639919759","28.987012987013","31.0143388210303","30.3630363036304","36.7852062588905","37.9657329344574","","","35.1664876476907","35.6041666666667","33.8527174921165","31.396666127205","31.5891184777761","24.2266522635765","","","","","","","","","","","","","","","","","","",
"Amérique latine et Caraïbes (hors revenu élevé)","LAC","Rémunération des employées (% des dépenses)","GC.XPN.COMP.ZS","","","","","","","","","","","","","","","","","","","","","","","","","","","","","","","30.7147006353437","35.9374354220831","32.8223529617588","30.9281709317383","30.8885307214099","30.9040894485365","","","26.7385947964268","26.2477212882317","29.8006219334186","28.5675778057876","34.4020643434023","30.9706823789524","28.215429243302","34.4349395036938","34.1403518441496","34.4607137852003","35.9613494517844","34.1558650077344","37.2063913066333","36.4293774666023","32.0028862681988","34.1000384088723","33.9102046771188","36.4070708812393","31.8768524949489","33.013795311471","32.2535962660871","31.8116935334462","30.9142661624431","29.218477756156","29.8494485301635","31.952311676961","",
"République démocratique populaire lao","LAO","Rémunération des employées (% des dépenses)","GC.XPN.COMP.ZS","","","","","","","","","","","","","","","","","","","","","","","","","","","","","","","","","","","","","","","","","","","","","","","","","47.4409245591378","48.994836079616","41.4129681265694","41.6026084352833","44.7692317988943","56.2938228268377","51.3218382812202","50.1950004295164","51.3491782089982","58.8196771222658","56.780628800942","53.8477308249742","56.6186540341758","58.2830991528373","54.2170747582768","","",
"Liban","LBN","Rémunération des employées (% des dépenses)","GC.XPN.COMP.ZS","","","","","","","","","","","","","","","","","","","","","","","","","","","","","","","","","","","","","","","25.9295942128067","27.3345113497349","24.1796722467848","22.8166094448403","22.1737643235847","20.7226877687189","23.3257429789222","23.0008353144522","20.0774722002599","19.4355830173051","19.1165164463595","21.2472769727583","21.2348020003605","21.9402834772538","22.2357684716044","21.2151380694137","22.0269308223993","24.9928545612013","22.3990598503699","24.3238904673899","23.0487215325866","23.9752402222486","31.9195295297472","32.1154793229117","","","",
"Libéria","LBR","Rémunération des employées (% des dépenses)","GC.XPN.COMP.ZS","","","","","","","","","","","","","","","","","","","","","","","","","","","","","","","","","","","","","","","","","","","","","","","","","","","","","","","","","","","","","","","","","",
"Libye","LBY","Rémunération des employées (% des dépenses)","GC.XPN.COMP.ZS","","","","","","","","","","","","","","","","","","","","","","","","","","","","","","","","","","","","","","","","","","","","","","","","","","","","","","","","","","","","","","","","","",
"Sainte-Lucie","LCA","Rémunération des employées (% des dépenses)","GC.XPN.COMP.ZS","","","","","","","","","","","","","","","","","","","","","","","","","","","","","","","","","","","","","","","","","54.8348221192603","53.2355207733228","52.0709460875827","47.2700696761804","46.3026221362808","46.3754464769329","52.6137192693233","52.3185961647964","45.9460015773944","46.6909749148458","46.550441467368","46.350068919764","43.4854184246501","43.9797104352393","42.9535372238766","42.2830885665375","43.7022088901009","40.3733636401903","","","","","","","",
"Amérique latine et Caraïbes","LCN","Rémunération des employées (% des dépenses)","GC.XPN.COMP.ZS","","","","","","","","","","","","","","","","","","","","","","","","","","","","","","","","","","","","","","","25.4485513758124","24.6895719285884","28.2558183112843","28.5675778057876","34.3455239618379","30.9706823789524","28.215429243302","32.8260572488287","33.0382917283961","34.1017600704117","31.3166690911856","30.8301014036051","29.5808791492296","33.3719075348554","29.2621616690719","29.0986040016616","28.2708060165253","28.699340956575","32.2605513854894","30.8763063297636","32.874326725663","31.6136436352355","30.8144961117489","28.9649441831927","27.9490653436134","24.4987151003819","",
"Pays les moins avancés: classement de l’ONU","LDC","Rémunération des employées (% des dépenses)","GC.XPN.COMP.ZS","","","","","","","","","","","","","","","","","","","","","","","","","","","","","","","","","","","","","","","","","","","","","","","","","","","34.3330605821714","","35.371417029185","34.827018493809","33.5813905689235","35.0746446930731","37.3072330276234","39.1493752538056","37.7608736164283","39.678734439215","38.7866015472772","39.9068477015922","","","",
"Faible revenu","LIC","Rémunération des employées (% des dépenses)","GC.XPN.COMP.ZS","","","","","","","","","","","","","","","","","","","","","","","","","","","","","","","","","","","","","","","","","","","","","","","","","","","","","","","","","38.8237592809691","41.0870385077611","","48.2392157530368","43.2893656820916","","","","",
"Liechtenstein","LIE","Rémunération des employées (% des dépenses)","GC.XPN.COMP.ZS","","","","","","","","","","","","","","","","","","","","","","","","","","","","","","","","","","","","","","","","","","","","","","","","","","","","","","","","","","","","","","","","","",
"Sri Lanka","LKA","Rémunération des employées (% des dépenses)","GC.XPN.COMP.ZS","","","","","","","","","","","","","","","","","","","","","","","","","","","","","","","19.8650268054242","18.9339706068135","20.3888921574395","22.7626101056137","20.8265531624612","20.1446114073356","19.9802970044149","21.9792978589421","24.3181397616028","24.9414090796751","23.7082949978209","23.2899396984625","24.5069847279792","24.5936516953285","24.5215178414728","27.9800873298975","28.164302357015","29.8518697144864","28.2140880440799","26.7642325199995","27.8116429102834","27.3863120281746","25.672700695439","27.9489676250044","28.8138962253334","28.4193703874471","28.7285151798454","26.6816736607568","26.6798175719223","27.0761505069726","26.6173440488063","27.4895832767019","25.2415902721903","18.9159369877629","",
"Revenu intermédiaire, tranche inférieure","LMC","Rémunération des employées (% des dépenses)","GC.XPN.COMP.ZS","","","","","","","","","","","","","","","","","","","","","","","","","","","","","","","","","","","","","","","","","","","37.7595866238821","36.4423146416104","37.1420017997777","36.3707945778941","34.1403518441496","35.0396469337271","36.1564783970463","38.909011106056","36.1371563371655","36.4293774666023","35.9392059942862","36.6082139479115","35.9403550826388","36.2324462759652","35.2683084761403","35.8678334234741","36.10657945313","35.3806667075939","33.9537786077662","32.5824749538349","","","",
"Revenu faible et intermédiaire","LMY","Rémunération des employées (% des dépenses)","GC.XPN.COMP.ZS","","","","","","","","","","","","","","","","","","","","","","","","","","","","","","","","","","","","","","","","","","","","","","","","","32.8642646528179","32.073238011709","31.106567723832","29.493719053545","29.5935439499173","28.7752033474287","28.8138962253334","32.9302389384733","32.4486968593222","30.6497176675954","30.693665866646","31.5237237692473","31.2950542700435","27.4895832767019","25.6108472396919","","",
"Lesotho","LSO","Rémunération des employées (% des dépenses)","GC.XPN.COMP.ZS","","","","","","","","","","","","","","","","","","","","","","","","","","","","36.6570217557909","42.9203450435345","38.8403240035288","","48.584831940225","46.0181597679469","48.1574362997609","45.860222887151","53.759601490631","51.5705771768702","48.5281241226961","42.6727664332521","40.8297682423559","43.3685608528874","39.4105075983305","38.2624190042383","37.0301827113967","37.8056924789315","36.1094802762168","31.4130422931302","33.7485289817747","29.8463838025264","34.9718280234573","40.5358667502465","40.220533665543","40.0556141537242","40.7890056944627","42.5088523060294","42.8139652079182","41.809012342676","44.5350615940452","45.1480175112763","43.4594387513875","41.2076596184221","45.1286650966998","44.6600599186439","","",
"de dividende tardif démographique","LTE","Rémunération des employées (% des dépenses)","GC.XPN.COMP.ZS","","","","","","","","","","","","","","","","","","","","","","","","","","","","","","","","","","","","22.4109224109224","21.5636328010189","21.9792978589421","23.6254654313803","22.8592586006163","20.919597014662","21.7947887607392","22.225911642375","21.9573514581114","23.3257429789222","26.4618502819347","24.1631418067046","24.3425116677196","21.4896831563498","24.6045794752217","21.2348020003605","23.5883772455921","23.0846342335989","21.2349529317494","21.5962887484815","22.487062882233","21.50550970758","21.730252124967","23.0487215325866","23.8784786984864","21.1840266074585","19.2310615914287","19.019569889704","19.6258518843206","",
"Lituanie","LTU","Rémunération des employées (% des dépenses)","GC.XPN.COMP.ZS","","","","","","","","","","","","","","","","","","","","","","","","","","","","","","","","7.52330226364847","","12.3090136515686","15.4667410544468","16.6044556206043","17.4424227770054","15.3533387777797","21.0331409665959","18.7184401986851","17.0127179593913","17.7667668836546","18.5425132338595","18.5779607200317","19.010792800773","18.7631635740261","19.1112636424286","16.9923238581655","16.6462714963847","15.6371919976702","14.2960664133999","14.3029839717074","15.1057482247827","15.6901189277104","15.925515798957","16.0274280535662","16.2716765151873","16.5205481820396","16.3900232772243","16.6543525983808","15.1197610133249","15.312237276009","15.0820689168866","15.577889210725","",
"Luxembourg","LUX","Rémunération des employées (% des dépenses)","GC.XPN.COMP.ZS","","","","","","","","","","","","","20.2201682417697","21.4630009818799","21.9997758936242","20.0169709737828","19.7291151260715","19.6119968781358","19.9011490368368","19.7441412883506","20.1442037261152","17.2871734940125","20.7838226674482","18.3885529341624","18.9040841008466","19.8235658985963","20.3393335219729","20.7073651202059","19.78060035381","20.3872478386167","20.9761396702231","19.322399473382","21.8171172764587","19.6799820340791","19.0961773342689","23.408137808751","22.992280787986","22.8830420086676","22.7472262942668","22.3763509331886","22.2279566211737","22.2683661671851","21.7370610530139","21.4302590803222","21.0222789482053","21.1378053575944","21.0324153346336","21.0580899850329","20.3261319254567","19.912798760419","20.1020108578495","20.1882690271798","19.822823476469","19.7450392509534","19.9501252536307","20.184905777239","20.0097027000488","20.2032984841338","20.4990110268884","20.7594199506888","20.2491582105883","20.8921053585786","20.4264171769904","20.5005325913716","",
"Lettonie","LVA","Rémunération des employées (% des dépenses)","GC.XPN.COMP.ZS","","","","","","","","","","","","","","","","","","","","","","","","","","","","","","","","","","","18.2938946748611","23.5489733087879","23.1434520878801","18.4333386480533","17.0655128649132","17.9580545625189","19.2931413422549","20.3509054437042","20.0210476898077","21.9573514581114","19.1004026969816","19.0000681450906","18.3384602346236","21.7931435684038","20.6410108602919","16.8011248515086","14.0820854203179","15.4307669458571","15.6925084839669","16.1686100516005","16.5416514888735","17.2143635647027","18.0779438223813","18.7393119231344","18.7201977983164","18.7392348850786","18.324778721516","17.4607845383689","17.3528640593178","19.1967632345834","",
"Région administrative spéciale de Macao, Chine","MAC","Rémunération des employées (% des dépenses)","GC.XPN.COMP.ZS","","","","","","","","","","","","","","","","","","","","","","","","","","","","","","","","","","","","","56.0427450138071","56.777241765588","56.7262903497025","46.4586613818649","53.5479804294306","53.6527660754119","52.568655528894","49.9994388813712","49.7051621417981","49.2363700941218","45.3216826476956","45.4604599367752","34.0041154699216","28.5818175647082","27.5352319857866","30.2333930787351","31.7408828920155","30.626545733488","29.9287172536979","30.5930319513049","30.8329635322938","31.8683355463982","31.8235213705799","31.1665087246247","26.6009332865318","30.2195108005336","23.9539242827471","33.4176059057647","",
"Saint-Martin (fr)","MAF","Rémunération des employées (% des dépenses)","GC.XPN.COMP.ZS","","","","","","","","","","","","","","","","","","","","","","","","","","","","","","","","","","","","","","","","","","","","","","","","","","","","","","","","","","","","","","","","","",
"Maroc","MAR","Rémunération des employées (% des dépenses)","GC.XPN.COMP.ZS","","","","","","","","","","","","","","","","","","","","","","","","","","","","","","","52.7609756097561","52.1323318146369","51.3615113061731","44.9564335067403","44.3197965746765","42.546504941359","","44.0815964747892","44.5226650369622","45.3726325226942","","","47.3222647174137","50.9626854202978","49.6084690409396","44.3251187120407","48.2076504876553","46.1837223383029","43.1956910439349","47.395636042581","41.6908762810661","41.2487487366396","43.1236239275008","45.1031402044405","46.086684248717","47.5430856951631","48.4123625727507","46.7855871854314","45.5802968491594","45.3121085247605","42.5805629909583","42.9274490162232","39.367436891532","38.5403818064253","",
"Monaco","MCO","Rémunération des employées (% des dépenses)","GC.XPN.COMP.ZS","","","","","","","","","","","","","","","","","","","","","","","","","","","","","","","","","","","","","","","","","","","","","","","","","","","","","","","","","","","","","","","","","",
"Moldova","MDA","Rémunération des employées (% des dépenses)","GC.XPN.COMP.ZS","","","","","","","","","","","","","","","","","","","","","","","","","","","","","","","","","","","","","","7.70735410037077","7.66417344887805","8.88814261327065","10.3459438461704","14.885145482389","","20.4872881355932","14.9895778454772","13.9995832918135","15.6202670107141","15.2133237855443","14.2751863003205","15.0899813381706","13.7560750562763","12.9576453697057","13.4219850310916","11.951078107268","10.9739514120941","11.3967227626553","12.1880547821187","13.0468969976327","12.9086360901912","11.4469724275618","11.117486313715","11.1082151865044","10.4954598196582","9.4813021058305","",
"Madagascar","MDG","Rémunération des employées (% des dépenses)","GC.XPN.COMP.ZS","","","","","","","","","","","","","","","","","","","","","","","","","","","","","","","","","","","","","","","","","","","","48.0343430322937","38.9305753510295","40.9437516820669","43.0458260361938","45.9997309352071","43.7054429373006","55.2743893627241","53.0035726241636","50.790012891755","52.3463086799591","51.9071260913143","48.5389189988155","49.2727496086636","51.2352756332937","45.5546826895108","52.5051841986633","48.2392157530368","48.1878136867651","49.1968557444019","54.3434849608948","47.8620192360184","",
"Maldives","MDV","Rémunération des employées (% des dépenses)","GC.XPN.COMP.ZS","","","","","","","","","","","","","","","","","","","","","","","","","","","","","","","26.1443661971831","28.4352476168333","26.5385326187396","26.2780853142299","26.7235149588091","26.4434574649812","26.0937827088131","22.834179357022","22.3977193928654","23.6881268197994","24.889386427848","25.6568935781678","25.3105148383427","24.0482585155817","25.777411140203","20.9829216290138","19.3498341595635","18.4219752747672","34.6888734055097","33.5976451528255","29.5024975973232","63.0868427574287","","","43.6010697290858","43.5839696087589","45.475206728475","49.7968784759033","45.2009630952717","39.7545113420652","43.8101149911541","39.0766333688541","","","",
"Moyen-Orient, Afrique du Nord, Afghanistan et Pakistan","MEA","Rémunération des employées (% des dépenses)","GC.XPN.COMP.ZS","","","","","","","","","","","","","","","","","","","","","","","","","","","","","","","","","","","","","","","","","","","","","","","","","","","","","","","","","","","","","","","","","",
"Mexique","MEX","Rémunération des employées (% des dépenses)","GC.XPN.COMP.ZS","","","","","","","","","","","","","35.0877192982456","34.7222222222222","32.3809523809524","34.0579710144928","36.1111111111111","38.75","37.8378378378378","35.1485148514851","34.1130604288499","39.8523985239852","24.1032370953631","19.1839837810441","21.736869474779","20.3379953379953","15.8382517925955","12.3564976427826","13.8450107885845","16.6040528233151","18.8717643462733","27.2035213323296","31.3834639534961","22.0887796192464","22.6934887381248","18.882429198607","18.5582124399187","15.3414618528976","17.7580920947247","17.9164876144417","17.0908722458448","","","","","","","","","12.5818454516508","12.3062334593681","12.0404980366475","11.9732452940634","12.024212992959","11.8018345860068","12.0860032854407","11.6916010294732","11.3178014946776","10.9886797055555","10.4509204611125","10.853210440822","10.517965313045","9.32308300209265","9.19573262864886","",
"Îles Marshall","MHL","Rémunération des employées (% des dépenses)","GC.XPN.COMP.ZS","","","","","","","","","","","","","","","","","","","","","","","","","","","","","","","","","","","","","","","","","","","","","","","","","40.323863325118","40.9104425305644","42.9499314326266","40.2229323741987","40.0228957639548","40.0359311355355","44.0022020592076","40.6711131810252","37.2316893616708","35.3209153454751","35.4717531470532","33.4362439811423","35.3153327616052","","","","",
"Revenu intermédiaire","MIC","Rémunération des employées (% des dépenses)","GC.XPN.COMP.ZS","","","","","","","","","","","","","","","","","","","","","","","","","","","","","","","","","","","","","","","","","","","","30.097751418387","28.8362362929984","","33.0296914244831","29.8518697144864","29.8463838025264","30.8301014036051","28.7115012815721","27.3863120281746","27.8807587805471","27.0498552726651","27.2901022554015","28.620314259683","28.2138043276935","26.8998504666466","26.3209004189039","26.9669802257812","28.5726176426383","25.7645687385032","22.4554466223438","","",
"Macédoine du Nord","MKD","Rémunération des employées (% des dépenses)","GC.XPN.COMP.ZS","","","","","","","","","","","","","","","","","","","","","","","","","","","","","","","","","","","","","","","","","","","","","","26.3096649287086","24.1631418067046","24.3425116677196","16.4310396516086","17.4688317685085","17.2067039106145","17.2059555932178","16.5695235733096","16.0614599413882","15.5850065350906","15.5384620582691","15.9543410935552","15.3496763021923","14.514352343366","13.7079283698626","12.8793350890612","12.9535788616415","12.5093173459829","12.4333871564077","",
"Mali","MLI","Rémunération des employées (% des dépenses)","GC.XPN.COMP.ZS","","","","","","","","","","","","","","","","","","","","","","","","","","","","","","","","","","","","","","","","","36.5134865134865","30.6643647840555","29.5018389342859","30.0275081969059","30.9773647980454","32.5967794496181","33.172948551752","31.4683941892422","35.3809545547922","34.4037044521947","34.2966318330828","36.8584835696031","40.2991110702609","35.4200889643589","34.2396594770447","38.1075037189274","38.8237592809691","38.3994981629178","41.4096431862529","40.6224862906416","43.2893656820916","","","","",
"Malte","MLT","Rémunération des employées (% des dépenses)","GC.XPN.COMP.ZS","","","","","","","","","","","","","35.3282362246243","39.0083048363458","32.481816569097","40.040682209357","41.0997732426305","38.6210280947124","39.6644218696495","","42.8075443370555","41.0541945063102","35.9673202614379","38.4970865983525","37.6672406941318","39.0328718588019","39.361836297137","40.5749486652977","39.106901217862","37.4950690335305","34.6947875328845","33.3847431486535","37.3270406521506","40.014785767092","39.8921597201982","37.5854927887644","36.8702981407713","34.9227873245053","35.4911361078191","33.9354887591441","32.7541375102722","34.9841943103347","34.8106836576075","31.8189685157801","32.8910683172664","32.0421183194498","30.9439402494927","30.6140996730602","31.9888336992886","31.9249140848024","31.2004018074945","30.7586080233417","30.614569048657","30.5778701193378","30.8076902410352","30.7385928387614","31.5174776403024","31.8323076754507","30.4013507451605","30.7014055225444","27.0678487076993","27.897765432041","27.1931219360593","26.8170462685042","",
"Myanmar","MMR","Rémunération des employées (% des dépenses)","GC.XPN.COMP.ZS","","","","","","","","","","","","","","","","","","","","","","","","","","","","","","","","","","","","","","","","","","","","","","","","","","","","","15.7574919363954","13.4742561416347","12.7384323829294","15.4346255417892","21.9944189322859","19.3513491185611","26.3209004189039","22.0176472308502","","","","","",
"Afrique du Nord et Moyen-Orient (hors revenu élevé)","MNA","Rémunération des employées (% des dépenses)","GC.XPN.COMP.ZS","","","","","","","","","","","","","","","","","","","","","","","","","","","","","","","","","","","","","","","","","","","","","","","38.1424911303406","28.2277820784536","34.9093581577658","34.9444128666337","","","","","","","","","","","","","","","",
"Monténégro","MNE","Rémunération des employées (% des dépenses)","GC.XPN.COMP.ZS","","","","","","","","","","","","","","","","","","","","","","","","","","","","","","","","","","","","","","","","","","","","","","","","","","","","","","","","","","","","","","","","","",
"Mongolie","MNG","Rémunération des employées (% des dépenses)","GC.XPN.COMP.ZS","","","","","","","","","","","","","","","","","","","","","","","","","","","","","","","","","7.79095864058993","8.10534850896423","10.8775994263335","12.1829013295459","12.8328977740719","10.3343465045593","11.6598775070436","12.5707714516405","12.679114198871","11.557471320542","14.2119723031518","29.5391396715552","","","24.2458386672885","23.9891566220976","32.6490059185553","33.2358749894449","29.2060106461509","24.9058507128412","26.4959285190157","18.3192248535674","18.0100695312405","18.6605974711654","16.1440296792443","18.0969579352691","16.992326446479","15.4936548846992","14.0864233815479","9.88730453942495","","","",
"Mariannes","MNP","Rémunération des employées (% des dépenses)","GC.XPN.COMP.ZS","","","","","","","","","","","","","","","","","","","","","","","","","","","","","","","","","","","","","","","","","","","","","","","","","","","","","","","","","","","","","","","","","",
"Mozambique","MOZ","Rémunération des employées (% des dépenses)","GC.XPN.COMP.ZS","","","","","","","","","","","","","","","","","","","","","","","","","","","","","","","","","","","","","","","","","","","","","","","","","","","42.7474136248757","43.1339453549353","42.1310185948577","","","","55.2304232245595","57.2375339252994","54.189837048175","58.0199106227867","54.9411653394823","56.4302732830165","62.0169727325091","","",
"Mauritanie","MRT","Rémunération des employées (% des dépenses)","GC.XPN.COMP.ZS","","","","","","","","","","","","","","","","","","","","","","","","","","","","","","","","","","","","","","","","","","","","","","","","","","","","","","","","","","","","","","","","","",
"Maurice","MUS","Rémunération des employées (% des dépenses)","GC.XPN.COMP.ZS","","","","","","","","","","","","","","38.7697160883281","34.0751823452403","32.1513002364066","36.8718292332727","38.3183321793984","38.3156395649922","39.4506537326023","36.0395290557473","33.7445102157724","35.7086510649487","38.1519893255701","36.9672744004141","35.1492694207926","35.6245343928483","36.1071405009566","39.676313650659","44.587760404584","44.7566844919786","41.3569095672772","40.3393351800554","40.3854720399133","45.190152872079","45.0312271083018","42.0140216698534","39.8602639078039","39.4402296493746","37.7635351661326","38.2435454360642","37.0948330299766","38.2534330490722","37.3188712555228","38.1970385211818","39.0233093346188","36.2665211119342","35.4120653346345","33.8268483894438","35.7184569406753","35.2333745776635","36.4290161892902","35.952153458619","37.7997463286916","37.3525123540573","34.5219219406101","34.765638611885","36.139047431121","34.4351732476314","34.2516347368905","29.0955481496275","26.8999516246882","30.6817730978519","26.6492881830758","",
"Malawi","MWI","Rémunération des employées (% des dépenses)","GC.XPN.COMP.ZS","","","","","","","","","","","","","","","","","","","","","","","","","","","","","","","","","","","","","","","","","","","","","","","","","","18.8418726099965","23.1408610145586","25.438093586145","27.0488884092381","25.553089342069","26.6210759969918","33.121707071805","32.3007273825948","30.6497176675954","30.693665866646","32.839593863738","32.5522703117318","32.2479114989161","32.4589787443064","","",
"Malaisie","MYS","Rémunération des employées (% des dépenses)","GC.XPN.COMP.ZS","","","","","","","","","","","","","","","","","","","","","","","","","","","","","","","","","","","","","34.3357233234922","27.5596307281006","29.3651960269629","25.8274591190468","27.7945814415051","26.391876839643","29.885872052679","29.4270656930351","26.5589224084974","26.6140356351609","26.9721244145767","27.0316748108439","27.2201158843083","27.6908071667281","31.1578080638937","27.8712369399093","29.453081263337","29.0681071179624","30.739816806221","32.5398798032214","34.8970482417134","35.4714331113701","34.7003958462338","30.6712551722305","31.6758423776438","32.1289438920428","27.3299524623388","29.6088575158343","",
"Amérique du Nord","NAC","Rémunération des employées (% des dépenses)","GC.XPN.COMP.ZS","","","","","","","","","","","","","18.5627690415532","17.5153867262535","16.6974269894691","14.9088581357069","13.947574864068","13.5383484440088","13.2774454648551","12.6770196330866","11.5398374814739","11.2687974110417","11.1739801895836","10.7535056597398","10.8802731603779","10.4701920678473","10.3705013358479","10.7046840822147","10.6706984853438","10.4238706553045","10.2836892417006","10.1353129158423","10.0276015872103","9.68826152803031","9.52757578833779","9.22324092370358","8.96518572328612","8.92274823385984","8.84049916532722","8.93926463038679","9.51413992979499","9.77634715225716","10.5547620009373","10.8542527697102","10.923654408162","10.7478325095895","10.9183555071199","10.8506143734085","10.7040682896956","10.861508806721","10.6121931991054","10.9762198770361","10.883737122775","11.0218181655735","10.7274654079769","10.2284256778126","10.0506864215217","10.226570004088","10.1592289114459","9.85217000493426","7.02450407805733","7.9153969604362","9.0648345588312","9.14545198172112","",
"Namibie","NAM","Rémunération des employées (% des dépenses)","GC.XPN.COMP.ZS","","","","","","","","","","","","","","","","","","","","","","","","","","","","","","","","50.1163163805551","52.6184797262263","","","","","","","52.3402470421476","51.7150205102123","50.9652616726508","48.7659003409606","47.8788332364694","49.82076688882","50.141712118766","47.847400789576","47.7082735144011","42.296912219115","43.9015530680929","45.8488370822846","40.5892133865347","41.122742337273","43.0796096978456","43.2277430249131","43.1569311758372","47.7689266258224","44.091005275011","46.1305175446672","47.2881957811389","42.1254978888658","43.8312725882615","42.8598276214033","38.7785609158878","",
"Nouvelle-Calédonie","NCL","Rémunération des employées (% des dépenses)","GC.XPN.COMP.ZS","","","","","","","","","","","","","","","","","","","","","","","","","","","","","","","","","","","","","","","","","","","","","","","","","","","","","","","","","","","","","","","","","",
"Niger","NER","Rémunération des employées (% des dépenses)","GC.XPN.COMP.ZS","","","","","","","","","","","","","","","","","30.7407698968748","31.8746219802896","26.3914583223215","31.5535159285159","31.2629937629938","","","","","","","","","","","","","","","","","","","","","","","","","","","","","","","","","","","","","","","","","","","","",
"Nigéria","NGA","Rémunération des employées (% des dépenses)","GC.XPN.COMP.ZS","","","","","","","","","","","","","","","","","","","","","","","","","","","","","","","","","","","","","","","","","","","","","","","","","","","","","","","","","","","","","","","","","",
"Nicaragua","NIC","Rémunération des employées (% des dépenses)","GC.XPN.COMP.ZS","","","","","","","","","","","","","","","","","","","","","","","","","","","","","","","21.9972956554116","48.1969968427749","36.3913590124586","30.1271604527666","28.3247683364154","25.3631891931576","21.5140446862487","21.2641065211777","23.9810664543944","23.1314225689451","22.9223240311472","21.8204730515704","37.9109461208528","36.2644322689371","35.0160596051392","34.4521019986216","34.1403518441496","36.0132182850721","36.1564783970463","38.909011106056","38.0142971019795","36.4293774666023","36.0893914423862","37.104433924592","38.47259457522","37.1084304490769","36.4734745953759","37.4177375946463","38.7002484339941","39.9047802639544","39.0835324768974","34.2378528408808","33.5731957994138","31.952311676961","",
"Pays-Bas","NLD","Rémunération des employées (% des dépenses)","GC.XPN.COMP.ZS","","","","","","","","","","","","","","","12.7021883920076","11.9821912504839","11.7657002789282","11.4376609604605","11.3283653517468","11.1931500899671","10.8244214338256","10.2802275217868","9.80364053318045","9.4140642756489","9.11128691983126","8.99336378522793","8.84314052342055","8.75835951978086","8.96184560780836","9.12967935555202","9.15171784737001","8.48541123531301","8.54043058145452","8.53754422749311","9.1352126134735","6.77436457215676","7.51897101067728","7.48976642203423","7.67519078778696","7.74456568690518","7.68748817565129","7.59496475833855","7.73236857601263","7.64553718097487","7.64576524526153","7.60110789234075","7.08383373736454","7.0597960897863","6.93656193295837","6.85572881996629","6.77305044543003","6.70648992151832","6.72927928518688","7.62758739096052","7.57293688755985","7.6195455688371","7.81446605639634","7.89566813197249","7.980001695198","8.14169132407285","7.59243542898055","7.45175181972052","7.67166389617606","7.78752031257103","",
"Norvège","NOR","Rémunération des employées (% des dépenses)","GC.XPN.COMP.ZS","","","","","","","","","","","","","13.0760919895046","12.764216555298","12.0386705243102","12.2978450178579","12.13772845953","11.5841062244447","10.8441287087338","10.2751113968388","9.8030723030723","10.0442585640741","10.0937586106746","9.81816471347167","9.57187544345659","9.47338666365152","9.31440425650624","9.17403010426266","8.64828239832397","8.60262126116993","8.44261319479937","8.30408781846482","8.32740037269311","8.37351184679326","8.29393869836446","9.54479430808242","9.76885359498133","10.0570782361526","10.1450142811654","10.1355460356501","9.82342587390406","9.77908470116527","14.6508376796639","15.2360366191973","15.5722362167753","15.5506169332969","15.3897552919225","15.5083640600279","15.6445466695676","15.4002766315765","15.6363744886489","15.5262883589059","15.6616770841305","15.7691768998986","15.7054766777522","15.5304416418314","15.3465970210003","15.404673748292","15.5727748848802","15.5049478967654","14.1980038720961","14.9568622682898","14.9380234805108","14.7152335963739","",
"Népal","NPL","Rémunération des employées (% des dépenses)","GC.XPN.COMP.ZS","","","","","","","","","","","","","","","","","","","","","","","","","","","","","","","","","","","","","","","","","","","","","","","","","","","27.6477162947759","27.3658775140015","27.1074880418167","26.6988725573423","27.8181068349907","26.1141331457123","24.0570047802933","22.9139379985175","15.9966550076148","11.9332062042179","15.0274058368907","14.0777487173543","","","",
"Nauru","NRU","Rémunération des employées (% des dépenses)","GC.XPN.COMP.ZS","","","","","","","","","","","","","","","","","","","","","","","","","","","","","","","","","","","","","","","","","","","","","","","","","","","","","","","16.6156589606862","26.0327105648283","20.4361823340093","22.2616280267191","42.5089008647626","41.9696163300672","33.9395467114417","","","","",
"Nouvelle-Zélande","NZL","Rémunération des employées (% des dépenses)","GC.XPN.COMP.ZS","","","","","","","","","","","","","25.1470588235294","25.0625521267723","25.3128351805506","23.5885969815539","23.2663316582915","21.8329938900204","21.7434373452204","22.0731010850942","23.2212851882646","21.8676456744799","19.9450016175995","18.8220514336388","17.1785461335394","17.8460832664296","17.9967764218282","17.2214344354056","17.3446368796391","","","","","","","","","","","","","25.3970051932638","27.3411945574851","24.1966142834566","25.378249573623","25.6236545343028","25.8483995257854","24.9794689296469","26.5384366507053","24.4288465815075","24.1788493662659","20.5193698349829","23.7742831683644","23.9982101902328","24.1642736986605","24.4692015802994","24.3516618099717","24.2879426608803","24.3571085040003","24.7278784819836","21.8928925614851","23.1018886594279","21.6147103078158","","",
"Pays membres de l'OCDE","OED","Rémunération des employées (% des dépenses)","GC.XPN.COMP.ZS","","","","","","","","","","","","","17.6116224924848","18.3674674384949","16.6974269894691","15.5138418399412","15.5856543304082","15.6925096637736","15.7398583414918","15.1459635496156","13.9353234211523","13.7882739223715","13.4425754060325","13.0244884479869","12.8286146046883","12.6612466124661","12.7640156925426","13.2738087260558","14.1315182092264","13.8118242466069","13.1940779422794","11.233919184824","11.8661813700404","11.4391276586512","11.2810340650705","13.8549129791904","13.9290447348151","14.102902463436","14.0886059472216","13.0602465697506","12.9086012837142","13.036318455813","14.2230041073457","14.8633066702248","13.9497239667662","14.3242411366063","14.1082718383444","14.2618571274544","14.4832543205361","14.1538140984265","14.0751215069659","14.0943202429195","13.3903661649996","13.1205809273133","13.2739802005407","13.1286433507827","13.3828973333268","13.7202029823137","13.8634842852633","13.8900302946411","12.5055969424975","12.6953809247914","12.3380333679538","13.5061049417818","",
"Oman","OMN","Rémunération des employées (% des dépenses)","GC.XPN.COMP.ZS","","","","","","","","","","","","","","","","","","","","","","","","","","","","","","","","","","","","","","","","","","","","","","","","","","","","","","","","","","","","","","","","","",
"Autres petits états","OSS","Rémunération des employées (% des dépenses)","GC.XPN.COMP.ZS","","","","","","","","","","","","","","","","","","","","","","","","38.1519893255701","36.9672744004141","35.1492694207926","35.6245343928483","36.1071405009566","39.676313650659","44.587760404584","44.7566844919786","24.8049843332351","40.3393351800554","40.3854720399133","45.190152872079","32.3520614180779","30.6262956046635","29.6716629483986","29.4093866181536","37.7635351661326","38.2435454360642","37.0948330299766","38.2534330490722","37.3188712555228","36.2163045730668","35.9635725258903","34.7714409398745","34.2880943779683","33.2013869524253","34.7103687533429","32.8617526099336","32.4906490913683","26.0440417032057","23.5239142882084","24.4612565621592","28.452754590985","29.2026367322172","29.5097737931403","26.3915885194658","28.3507385663711","27.8618262906476","26.8999516246882","21.8649691023555","26.6492881830758","",
"Pakistan","PAK","Rémunération des employées (% des dépenses)","GC.XPN.COMP.ZS","","","","","","","","","","","","","","","","","","","","","","","","","","","","","","","","","","","","","","","","","","","","","","","","","","","","","","","","","","","","","","","","","",
"Panama","PAN","Rémunération des employées (% des dépenses)","GC.XPN.COMP.ZS","","","","","","","","","","","","","","","","","","","","","","","","","","","","","","","","","","","","","","","","","","","","","","","","","","","","","","","30.0636037726897","28.5154500871018","31.216588091425","33.6572984184036","34.4269639456178","32.0555334169177","32.3721665171228","34.0008460604544","","","",
"Pérou","PER","Rémunération des employées (% des dépenses)","GC.XPN.COMP.ZS","","","","","","","","","","","","","40","37.5","38.0952380952381","34.4086021505376","30.46875","33.9506172839506","","","","","","","","","","","","","18.3245433435805","18.5251798561151","17.1354504212573","18.84604506458","19.2295049635132","19.366501648597","19.1525343090823","21.4292370775348","24.158507955198","22.445540661541","22.406127596127","22.3908565113723","22.6673934501098","22.881166451226","21.0977077130463","20.089053288453","19.6548957540418","17.3190475111438","17.5190091280784","18.0762760905342","17.5414671802866","17.1271671509411","17.7823856753894","18.445693498123","18.8977410200111","18.5761168400147","20.4007859210521","19.506406850055","19.6428341048623","18.9598227012486","16.7228981276632","15.6430487593508","","","",
"Philippines","PHL","Rémunération des employées (% des dépenses)","GC.XPN.COMP.ZS","","","","","","","","","","","","","","","","","","","","","","","","","","","","","","","34.4343723523842","36.2729085461778","33.9432156490292","33.5500483878532","","","","","","","38.7781847739793","36.2562628785419","37.6491635799542","35.8987559656834","34.8690823445938","30.3398853398853","34.0107196090077","35.0396469337271","34.267468852495","35.48689961533","36.2044563531454","36.4841920011898","36.2190881118134","36.5512648126971","35.6458534735932","35.3564621028534","35.5710461777283","35.8678334234741","38.0298010247497","38.5817298542942","33.548042991857","34.6887060765396","33.6978567021333","35.0390921851446","",
"Palaos","PLW","Rémunération des employées (% des dépenses)","GC.XPN.COMP.ZS","","","","","","","","","","","","","","","","","","","","","","","","","","","","","","","","","","","","","","","","","","","","","","","","","34.4512088461478","35.5838789885872","35.4962316941012","32.829812836154","30.0507512358206","32.7009918933069","32.0006668527436","33.483596880532","33.1749549681596","35.4929073383832","38.0082943084769","38.0715346333665","31.0260878486603","","","","",
"Papouasie-Nouvelle-Guinée","PNG","Rémunération des employées (% des dépenses)","GC.XPN.COMP.ZS","","","","","","","","","","","","","","","","","","","","","","","","","","","","","","","38.237902931263","30.7208756263058","36.6705518922135","31.7488813819473","36.337544936672","36.2589180281496","28.6017946828482","30.815800074769","40.8836162161299","31.1105618654443","25.004179031415","26.2956563865887","27.779249101802","","","","","","","","","","","","16.2997119083257","17.5387540246334","20.0227446314752","19.0102746792443","18.4114609754733","16.403606866461","15.4939846380661","16.4385374290407","14.4653890652235","11.2083358596345","",
"Pologne","POL","Rémunération des employées (% des dépenses)","GC.XPN.COMP.ZS","","","","","","","","","","","","","","","","","","","","","","","","","","","","","","","","","","","14.2669492460869","17.1818651956559","15.1014926965012","17.9784226891548","18.2122473321042","12.7708065208065","12.953703897408","13.2898547932361","13.6851831181555","14.1939063966275","13.8262495663432","14.3242411366063","14.1082718383444","14.2618571274544","14.3677277930576","14.1542858726332","14.0751986464848","14.1214109113069","13.7130820235368","13.7033277737257","14.1928994912107","14.1839183129174","14.1411072420953","14.0667776558099","14.0129864642168","14.0529221932355","12.3390478378703","12.9116512968622","12.5519218576601","12.2969762871898","",
"de Pré-dividende démographique","PRE","Rémunération des employées (% des dépenses)","GC.XPN.COMP.ZS","","","","","","","","","","","","","","","","","","","","","","","","","","","","","","","","","","","","","","","","","","","","","","","","","","","34.3148462076271","","35.9644409792447","","36.2088616972123","35.0746446930731","37.3072330276234","39.1493752538056","37.7608736164283","39.503885107339","37.1678236743041","34.6685190705039","","","",
"Puerto Rico (US)","PRI","Rémunération des employées (% des dépenses)","GC.XPN.COMP.ZS","","","","","","","","","","","","","","","","","","","","","","","","","","","","","","","","","","","","","","","","","","","","","","","","","","","","","","","","","","","","","","","","","",
"Corée, République démocratique de","PRK","Rémunération des employées (% des dépenses)","GC.XPN.COMP.ZS","","","","","","","","","","","","","","","","","","","","","","","","","","","","","","","","","","","","","","","","","","","","","","","","","","","","","","","","","","","","","","","","","",
"Portugal","PRT","Rémunération des employées (% des dépenses)","GC.XPN.COMP.ZS","","","","","","","","","","","","","","","","","","","26.2962962962963","26.1306532663316","25.6489904592856","23.8921332875301","24.6208362863217","21.4823580034424","22.7443781551171","19.8414233223748","19.1552616740991","20.9552357898555","22.459595190487","28.8083703404656","28.9735601444681","29.7081221108109","30.5165400260957","30.0924461316743","30.2540176257128","28.7691296866952","29.1562130450988","30.1789321499205","30.0050321738384","30.5163770687938","31.4312377524121","30.8055868986739","31.1327333871303","30.4528601221896","29.9091133152216","29.7263717502481","28.4292888557329","27.3417356871532","26.2538940165134","25.7512747543802","24.7130575793668","22.8039224251613","20.6871483958929","21.5653200785006","19.6897928344088","20.3610486174947","21.5406542277867","20.8482223960372","21.6307673499462","21.9633585964963","20.913628130828","21.2931688198903","20.9194339591084","21.1337647356256","",
"Paraguay","PRY","Rémunération des employées (% des dépenses)","GC.XPN.COMP.ZS","","","","","","","","","","","","","","","","","","","","","","","","","","","","","","","","","","","","","","","","","","","","","","48.4162451505181","49.5554605684975","51.5273200760881","54.51504852517","52.7650262263524","55.0292442149066","53.1999458120476","55.7543822345872","59.1933146797355","59.3817411404171","58.0252122052153","51.3531467535678","53.5682886574269","49.6708958788395","41.2174656629287","47.9033828043375","47.8593958639761","47.4534016571945","41.5097478471173","",
"Cisjordanie et Gaza","PSE","Rémunération des employées (% des dépenses)","GC.XPN.COMP.ZS","","","","","","","","","","","","","","","","","","","","","","","","","","","","","","","","","","","","","","","","","","","","","","","","","","","","","","","","","","","","","","","","","",
"Petits états insulaires du Pacifique","PSS","Rémunération des employées (% des dépenses)","GC.XPN.COMP.ZS","","","","","","","","","","","","","","","","","","","","","","","","","","","","","","","","","","","","","","","","","","","","","","","","","","","","","","","","","","","","","","","","","",
"de Post-dividende démographique","PST","Rémunération des employées (% des dépenses)","GC.XPN.COMP.ZS","","","","","","","","","","","","","","","16.6974269894691","15.4215215901302","15.5856543304082","15.6925096637736","15.3890648176094","14.7672110093878","13.9353234211523","13.5466721235736","13.1024702152138","13.0244884479869","12.5290893173096","12.5231761974977","12.5569141928289","13.7708617436675","13.8876331632294","12.7844362809874","10.2075931410859","10.0085536329469","10.0650836426501","9.80855947706326","9.74931601307916","9.77070708742995","9.93110761802333","10.5298603050472","10.6945497447091","11.3843666186673","10.95278617418","12.2137900845573","13.7703631431675","13.2796523635419","13.2873394895677","13.1410487211385","12.9179800647998","12.7906485970213","12.6529805253458","12.2817462269843","12.0429540495733","11.6495026710837","11.5090598127141","12.034353466388","11.839701955213","12.1466085651852","12.8648921726956","13.2971362889638","14.0862970030752","13.7367550327416","12.9358106767306","12.8963643134285","12.731619521722","14.53065451884","",
"Polynésie française","PYF","Rémunération des employées (% des dépenses)","GC.XPN.COMP.ZS","","","","","","","","","","","","","","","","","","","","","","","","","","","","","","","","","","","","","","","","","","","","","","","","","","","","","","","","","","","","","","","","","",
"Qatar","QAT","Rémunération des employées (% des dépenses)","GC.XPN.COMP.ZS","","","","","","","","","","","","","","","","","","","","","","","","","","","","","","","","","","","","","","","","","","","","","","","","","","","","","","","","","","","","","","","","","",
"Roumanie","ROU","Rémunération des employées (% des dépenses)","GC.XPN.COMP.ZS","","","","","","","","","","","","","","","","","","","","","2.06065034709536","2.44619972596115","2.73972602739726","2.98443929432909","2.73716422985379","2.03168246864142","6.49730215827338","6.56764234745886","7.32236254624314","7.43194674500734","13.5740753688037","21.1276349188831","18.6066277546985","21.1305107013066","20.8933909157233","22.4109224109224","21.5636328010189","16.0845033460176","15.7585619485902","21.0667696033588","20.0005752353971","15.9893861321031","17.3405070164319","17.3549251066362","17.4216997727798","18.7766440454695","18.8129807876507","19.3825990503962","20.7541304156175","19.1740737274564","17.4558036129814","13.6664369779154","14.2058544370377","15.0993038290786","14.4355395094763","14.0483922374382","16.8757336391708","17.9081472560865","23.4064215825533","24.031606785939","22.2678224733139","20.8631012051291","18.9708557119012","","",
"Fédération de Russie","RUS","Rémunération des employées (% des dépenses)","GC.XPN.COMP.ZS","","","","","","","","","","","","","","","","","","","","","","","","","","","","","","","","","","","","","","","","12.7105634853635","13.8562796636151","12.1591625938132","16.9179900683416","18.0141618477823","17.7218653235615","19.2077012527972","19.725662030863","16.7130773555059","18.1529737392831","15.9125563777025","16.1626439501499","16.0608694413177","17.3526234661553","18.1741745086029","16.5414996757918","13.736497846133","13.1075687852889","12.8836584663599","13.1509488892978","13.1226869860512","11.9262147833464","","","","",
"Rwanda","RWA","Rémunération des employées (% des dépenses)","GC.XPN.COMP.ZS","","","","","","","","","","","","","","","","","","","","","","","","","","","","","","","43.5488643929866","44.8365925529065","35.7634620113106","","","","","","","","","","","","","","","","","","","","","","22.1595538719153","23.1106213086928","21.5977057738031","20.5896411298022","19.9611333477934","17.1836347431174","16.3920076713841","16.7624892882641","14.4678455086903","14.3151041614998","",
"Asie du Sud","SAS","Rémunération des employées (% des dépenses)","GC.XPN.COMP.ZS","","","","","","","","","","","","","","","","","","","","","","","","","","","","","","","15.520702537972","14.9151858074231","15.6799935036759","16.415223798567","15.2437099441079","15.0320131752534","14.9669814960975","16.8737490473924","17.9142021327262","17.9333790386366","16.9887130228442","23.2899396984625","24.5069847279792","24.5936516953285","24.5215178414728","23.2145864481078","23.8051449045174","24.8386979135368","20.6081854698453","18.9197308742466","24.4556177206006","24.5686506562992","23.0229318016616","22.98916695444","24.4162131500993","23.8477030478585","24.603785602067","24.7978058296372","20.9925534742199","23.0171441379589","22.4355500503213","20.3154371665602","18.6496984416131","","",
"Arabie saoudite","SAU","Rémunération des employées (% des dépenses)","GC.XPN.COMP.ZS","","","","","","","","","","","","","","","","","","","","","","","","","","","","","","","","","","","","","","","","","","","","","","","","","","","59.5218244226229","59.6199659185299","52.9472951929652","52.0651807075818","48.2439475863413","57.5275702641916","58.8007413243516","58.1691834015134","54.27878349754","56.7241869838891","53.7346605702438","53.7823972430326","50.274455014569","48.5496700255056","",
"Soudan","SDN","Rémunération des employées (% des dépenses)","GC.XPN.COMP.ZS","","","","","","","","","","","","","","","","","","","","","","","","","","","","","","","","","","","","","","","38.0108359638975","40.6240842401391","","","","","","","","","","31.1458724715708","31.106567723832","","40.8471344125517","37.7863587112752","31.3623831631934","33.7425393133069","36.8346330090843","","","","","","","","",
"Sénégal","SEN","Rémunération des employées (% des dépenses)","GC.XPN.COMP.ZS","","","","","","","","","","","","","","","","","","","","","","","","","","","","","","","","","","","","","","","","","","","","","","","","","","","","","","","","33.6169311910658","34.7506269644294","30.5461737708238","33.7835588197353","30.043750934546","34.8341474990417","37.1652245330448","34.6518511166988","37.0545221503506","",
"Singapour","SGP","Rémunération des employées (% des dépenses)","GC.XPN.COMP.ZS","","","","","","","","","","","","","41.285140562249","38.4294649061849","40.2949852507375","40","39.7160068846816","38.2265275707899","39.7727272727273","39.5213255599877","36.8819374369324","35.8553238604909","37.0929597962525","36.8613719560719","35.2040816326531","41.4394765539804","29.7679438747976","22.9918699186992","31.5680473372781","31.5090131945735","31.4214463840399","28.1227745335422","29.550793763793","31.1287045470469","43.9824233053951","38.6553489625438","29.0459267359213","34.2215642733777","30.5936073059361","32.3952788706318","29.3254456054087","27.3775314723591","30.9610137180877","30.6358807907937","31.1117464174677","34.0052258305338","28.2763093886817","32.1370359191066","27.1549012205864","27.0091770301283","30.3934225892765","27.174847924419","28.7189829291151","29.6256482395179","28.6553742526098","23.8387085772076","26.6048521198851","26.5040038932885","24.8336034524537","24.4513685217292","14.2853356164967","20.6663845098812","20.0833757720516","18.7698768434608","",
"Îles Salomon","SLB","Rémunération des employées (% des dépenses)","GC.XPN.COMP.ZS","","","","","","","","","","","","","","","","","","","","","","","","","","","","","","","","","","","","","","","","","","","","","","","","","","","","35.2835206174605","34.9665013623799","30.9940708387357","31.9565009206731","33.3929842222632","35.1664544062571","34.6647184650458","37.3169206172452","36.3089347779471","36.4416280844937","35.6309251143666","47.3404946252835","","",
"Sierra Leone","SLE","Rémunération des employées (% des dépenses)","GC.XPN.COMP.ZS","","","","","","","","","","","","","","","","","","","","","","","","","","","","","","","","","","","","","","","","","","","","","","","","","","","","","","","","","","","","","","","","","",
"El Salvador","SLV","Rémunération des employées (% des dépenses)","GC.XPN.COMP.ZS","","","","","","","","","","","","","","","","","","","","","","","","","","","","","","","","","","","","","","","63.245621392462","65.3716626308025","62.625275408169","50.274696062099","43.2096837172979","47.977885159549","41.5376044568245","39.2490446918093","36.5189890975671","39.9158701997367","36.9401070302764","36.0084384476772","38.2632902298851","37.5410484132878","41.3119104071133","41.9675697053589","42.7671513895992","43.7598315192881","43.6149644839079","40.9960550342233","40.9623574026297","41.0105775587475","34.6159302078162","39.0891375628654","40.8368267931185","40.9431425278525","",
"Saint-Marin","SMR","Rémunération des employées (% des dépenses)","GC.XPN.COMP.ZS","","","","","","","","","","","","","","","","","","","","","","","","","","","","","","","","","","","","36.2068965517241","","","","","","","33.9883161086109","36.0013096049512","32.6487522719078","35.4002820072829","36.0188384208284","34.3093353774332","34.2981859577184","33.1837960787549","34.2212758238354","32.6480932237697","31.6363694297292","30.1049085950892","29.3496973545503","29.1805000736668","28.5544556164588","28.4985048209887","26.9617603553254","26.6994674187583","25.0498565395746","24.1890529902441","22.0812645808881","23.464065847787","",
"République fédérale de Somalie","SOM","Rémunération des employées (% des dépenses)","GC.XPN.COMP.ZS","","","","","","","","","","","","","","","","","","","","","","","","","","","","","","","","","","","","","","","","","","","","","","","","","","","","","","","","","","54.2517512734668","55.628206045342","54.1845500896153","47.2827424805499","","","42.0479100102216","",
"Serbie","SRB","Rémunération des employées (% des dépenses)","GC.XPN.COMP.ZS","","","","","","","","","","","","","","","","","","","","","","","","","","","","","","","","","","","","","","","","","","","","","","","","26.2989879192784","26.7075324767053","26.231989033158","24.8491140879918","25.5964427476981","25.4268457521734","15.7223249480735","15.0544743600939","14.4724624721455","14.7056008488747","15.0889136389888","16.0509411370821","16.6276134358448","15.6456108815466","16.4996149264334","16.745825122467","","",
"Afrique subsaharienne (hors revenu élevé)","SSA","Rémunération des employées (% des dépenses)","GC.XPN.COMP.ZS","","","","","","","","","","","","","","","","","","","","","","","","","","","","","","","","","","","","","","","","","","","","","","","","","","36.6916945178519","38.336511543706","39.3077680539283","40.0805183018913","37.7930525199834","37.80001347661","38.1075037189274","38.6616250464846","40.8096942850662","37.7608736164283","39.591309773277","38.6803700321848","37.1652245330448","","","",
"Soudan du Sud","SSD","Rémunération des employées (% des dépenses)","GC.XPN.COMP.ZS","","","","","","","","","","","","","","","","","","","","","","","","","","","","","","","","","","","","","","","","","","","","","","","","","","","","","","","","","","","","","","","","","",
"Afrique subsaharienne","SSF","Rémunération des employées (% des dépenses)","GC.XPN.COMP.ZS","","","","","","","","","","","","","","","","","","","","","","","","","","","","","","","","","","","","","","","","","","","","","","","","","","35.7184569406753","36.1371563371655","38.3950024423137","40.0556141537242","37.7863587112752","37.3525123540573","38.055885633284","38.4994908120001","40.1174810812879","37.6299140755145","39.503885107339","37.9240968532445","35.9168718017744","","","",
"Petits états","SST","Rémunération des employées (% des dépenses)","GC.XPN.COMP.ZS","","","","","","","","","","","","","","","","","","","","","","","","","","","","","","","","24.8049843332351","","","","32.3520614180779","30.6262956046635","29.6716629483986","29.4093866181536","37.7635351661326","38.2435454360642","36.8619901272357","38.025649203398","37.1361553424086","34.2355706249518","32.9038357171618","33.2763607678149","33.1641234213021","32.5759255154068","33.7022805660105","28.4819070663928","32.4906490913683","25.1451380696551","27.1015651101705","24.4866951184257","28.515089186108","30.7315940588533","30.193040061452","29.6329576225644","30.242441126677","27.8618262906476","26.8999516246882","21.8649691023555","","",
"Sao Tomé-et-Principe","STP","Rémunération des employées (% des dépenses)","GC.XPN.COMP.ZS","","","","","","","","","","","","","","","","","","","","","","","","","","","","","","","","","","","","","","","","","","","","","","","","","","","","","","","","","","","","","","","","","",
"Suriname","SUR","Rémunération des employées (% des dépenses)","GC.XPN.COMP.ZS","","","","","","","","","","","","","","","","","","","","","","","","","","","","","","","","","","","","","","","","","","","","","","","","","","","","","","","","","","","","","","","","","",
"République slovaque","SVK","Rémunération des employées (% des dépenses)","GC.XPN.COMP.ZS","","","","","","","","","","","","","","","","","","","","","","","","","","","","","","","","","","","","","","","","","","","","","","","","","","","","","","","","","","","","","","","","","",
"Slovénie","SVN","Rémunération des employées (% des dépenses)","GC.XPN.COMP.ZS","","","","","","","","","","","","","","","","","","","","","","","","","","","","","","","","","20.6055734190783","20.7288042483062","18.866316238102","","","","","","","","17.0945432841201","17.3480853730358","17.5258491799513","17.3632838078428","17.4643389591135","17.3978134514729","17.8731759279542","17.8949930154576","17.6892207191654","17.3347066939801","17.6725138926971","14.4843687066843","15.741553606972","15.6128629346047","16.813085411354","17.4976673300695","17.6780660014233","18.1896938503145","17.2634055763057","17.4776386212502","16.8558208932571","16.773040715936","",
"Suède","SWE","Rémunération des employées (% des dépenses)","GC.XPN.COMP.ZS","","","","","","","","","","","","","13.5346756152125","12.7813234800134","11.6476069462092","10.9241706161137","10.3933667566525","9.59688319949113","9.28609412390322","8.57239665687825","8.27446524724596","7.39811912225705","7.08525561681857","6.54638352227367","6.58950027909163","6.00215206151747","6.12627474505099","6.4572131266125","5.97059226448696","6.15223536802429","6.33426888998954","6.14381667325168","5.80236961778886","5.45375158618619","6.07564884260508","7.57777651889272","8.2465440341832","8.44173393367974","7.8236650995373","8.04781794264029","8.73976579005275","9.1185132759526","9.2114840552641","9.54945265988093","9.57506439645536","9.24640166898241","9.37761389442346","9.31446884713237","9.3137951632067","8.90919823863515","8.82514015044747","9.03385939526869","9.25421015643301","9.24396860565432","9.26229931027368","9.18754989660948","9.28759864528676","9.33457901002875","9.28510444272716","9.44083569642214","8.97102220557401","9.2129675189326","9.17143050577796","","",
"Eswatini","SWZ","Rémunération des employées (% des dépenses)","GC.XPN.COMP.ZS","","","","","","","","","","","","","","","","","","","","","","","","","","","","","","","","","","","","","","","","49.910455985673","47.7390234336097","45.6168018644151","47.3604578084371","50.4728441475072","52.484612193086","52.555293002417","51.8413949019304","53.6105257792345","49.6734602623632","48.0190110187164","55.4010306111363","56.6444729980221","50.0718782932985","","48.9347893086746","46.348217482251","51.5132379811758","50.1768122832562","51.2234606711172","47.0887012936478","46.3561465969079","47.0394500556193","","","",
"Sint Maarten (Dutch part)","SXM","Rémunération des employées (% des dépenses)","GC.XPN.COMP.ZS","","","","","","","","","","","","","","","","","","","","","","","","","","","","","","","","","","","","","","","","","","","","","","","","","","","","","","","","","","","","","","","","","",
"Seychelles","SYC","Rémunération des employées (% des dépenses)","GC.XPN.COMP.ZS","","","","","","","","","","","","","","","","","","","","","","","","","","31.1815561959654","31.5390045887751","32.0291880142835","31.2690798081116","28.2800982800983","","","","31.9300899084111","30.6964746345658","31.6309429302285","30.5145344318358","30.7908414103104","29.8468004338395","31.8341674557013","36.3276351395947","","","","","43.9211062075924","39.8629414865577","36.426529371139","37.344050654431","","","","","","","","","","","","","","","","",
"République arabe syrienne","SYR","Rémunération des employées (% des dépenses)","GC.XPN.COMP.ZS","","","","","","","","","","","","","","","","","","","","","","","","","","","","","","","","","","","","","","","","","","","","","","","","","","","","","","","","","","","","","","","","","",
"Îles Turques-et-Caïques","TCA","Rémunération des employées (% des dépenses)","GC.XPN.COMP.ZS","","","","","","","","","","","","","","","","","","","","","","","","","","","","","","","","","","","","","","","","","","","","","","","","","","","","","","","","","","","","","","","","","",
"Tchad","TCD","Rémunération des employées (% des dépenses)","GC.XPN.COMP.ZS","","","","","","","","","","","","","","","","","","","","","","","","","","","","","","","","","","","","","","","","","","","","","","","","","","","","","","","","","","","","","","","","","",
"Asie de l’Est et Pacifique (BIRD et IDA)","TEA","Rémunération des employées (% des dépenses)","GC.XPN.COMP.ZS","","","","","","","","","","","","","","","","","","","","","","","","","","","","","","","","","","","","","","","","","","","27.779249101802","32.3588142414131","","","","","34.267468852495","35.48689961533","35.74739080359","33.4039376704053","29.5233126066272","28.4661054222838","27.3225266393764","28.0359210456317","27.4766607936583","26.8998504666466","26.3209004189039","25.8417676362012","27.3539663772391","26.0907365553125","27.3299524623388","","",
"Europe et Asie centrale (BIRD et IDA)","TEC","Rémunération des employées (% des dépenses)","GC.XPN.COMP.ZS","","","","","","","","","","","","","","","","","","","","","","","","","","","","","","","","","","","","","","","13.5575468404515","12.7105634853635","13.8562796636151","14.885145482389","","16.338679397705","15.1564018952498","17.2012347382086","17.5576866120342","17.1595134225017","18.1529737392831","17.4688317685085","17.331253761798","16.765188018479","16.1940661953862","15.7223249480735","15.3197404475923","14.4453765688225","14.8460801678152","15.1428169897578","16.0509411370821","15.8110418342719","15.6456108815466","16.4996149264334","16.745825122467","18.6737988559616","",
"Togo","TGO","Rémunération des employées (% des dépenses)","GC.XPN.COMP.ZS","","","","","","","","","","","","","","","","","","","","","","","","","","","","","","","","","","","","","","","","","","","","","34.8006515186108","30.7689270057877","29.7614473985319","30.6770697635586","35.2457348624324","40.290503549902","34.3330605821714","37.9028170034036","34.8036280640838","34.2339480232591","39.3107394518474","39.0295331269248","37.3072330276234","45.1234847318801","37.6299140755145","39.678734439215","38.7866015472772","39.9068477015922","30.6452353858296","31.6623797701895","",
"Thaïlande","THA","Rémunération des employées (% des dépenses)","GC.XPN.COMP.ZS","","","","","","","","","","","","","32.1732987991523","27.9552836316942","32.9925489516548","30.3996419545072","28.6393700090694","29.5774364342802","26.1900270389235","26.6962879496011","26.1038297537875","34.2312774391543","35.3089634305996","36.706295958349","36.2622666625391","34.9964952881096","36.3610302787724","37.0484135752119","36.7200841631395","38.54644032789","41.3332659338266","41.4310446290493","44.2342652188866","43.8888858858697","41.8637224218539","48.9626847333872","46.5667113824899","42.087192026544","36.3348839133037","31.8536183191759","44.6026982674444","35.801943061783","26.4828050137925","35.1784888112709","33.2243954274973","34.5815564201114","39.9548923238634","37.2421283228198","35.2980252430702","36.0209883287346","40.1086032835904","36.7873192903491","29.5935439499173","27.8641037266053","27.3225266393764","28.0359210456317","27.4766607936583","26.8998504666466","25.9179305154831","25.8417676362012","23.0320903768343","20.0525292185822","21.1787104500599","22.6032314889688","",
"Tadjikistan","TJK","Rémunération des employées (% des dépenses)","GC.XPN.COMP.ZS","","","","","","","","","","","","","","","","","","","","","","","","","","","","","","","","","","","","","","","7.83345640638148","9.08976092480052","21.5893253335833","16.8304612713862","","11.1189882939213","9.33035008716205","","","","","","","","","","","","","","","","","22.0538564538248","24.8907356049624","24.8258576502829","",
"Turkménistan","TKM","Rémunération des employées (% des dépenses)","GC.XPN.COMP.ZS","","","","","","","","","","","","","","","","","","","","","","","","","","","","","","","","","","","","","","","","","","","","","","","","","","","","","","","","","","","","","","","","","",
"Amérique latine et Caraïbes (BIRD et IDA)","TLA","Rémunération des employées (% des dépenses)","GC.XPN.COMP.ZS","","","","","","","","","","","","","","","","","","","","","","","","","","","","","","","24.0385020726481","35.3447784473958","31.3834639534961","30.1271604527666","28.3247683364154","25.3631891931576","","","25.4485513758124","24.6895719285884","28.2558183112843","28.5675778057876","34.3455239618379","30.9706823789524","28.215429243302","32.8260572488287","33.0382917283961","34.1017600704117","31.3166690911856","30.8301014036051","29.5808791492296","33.3719075348554","29.2621616690719","29.0986040016616","28.2708060165253","28.699340956575","32.2605513854894","30.8763063297636","32.874326725663","31.6136436352355","30.8144961117489","28.9649441831927","27.9490653436134","24.4987151003819","",
"Timor-Leste","TLS","Rémunération des employées (% des dépenses)","GC.XPN.COMP.ZS","","","","","","","","","","","","","","","","","","","","","","","","","","","","","","","","","","","","","","","","","","","","","","","","","","","14.761690746863","18.0066006872939","16.380056892532","17.0006832156684","17.6909051300246","16.78179249848","16.2710994913426","21.8239048835994","21.1443180193363","21.3339624448787","19.531695550215","17.0865878206695","14.7015415482048","","",
"Afrique du Nord et Moyen-Orient (BIRD et IDA)","TMN","Rémunération des employées (% des dépenses)","GC.XPN.COMP.ZS","","","","","","","","","","","","","","","","","","","","","","","","","","","","","","","","","","","","","","","","","","","","","","","38.1424911303406","28.2277820784536","34.9093581577658","34.9444128666337","","","","","","","","","","","","","","","",
"Tonga","TON","Rémunération des employées (% des dépenses)","GC.XPN.COMP.ZS","","","","","","","","","","","","","","","","","","","","","","","","","","","","","","","","","","","","","","","","","","","","","","","","","","","","","","43.3557321503245","41.7571631297623","45.4698679856976","43.7876545076626","39.9647370922074","37.9072478794372","38.1879560160611","40.3461204191791","37.6200758114175","37.4829437447082","33.7874427063432","",
"Asie du Sud (BIRD et IDA)","TSA","Rémunération des employées (% des dépenses)","GC.XPN.COMP.ZS","","","","","","","","","","","","","","","","","","","","","","","","","","","","","","","15.520702537972","14.9151858074231","15.6799935036759","16.415223798567","15.2437099441079","15.0320131752534","14.9669814960975","16.8737490473924","17.9142021327262","17.9333790386366","16.9887130228442","23.2899396984625","24.5069847279792","24.5936516953285","24.5215178414728","23.2145864481078","23.8051449045174","24.8386979135368","20.6081854698453","18.9197308742466","24.4556177206006","24.5686506562992","23.0229318016616","22.98916695444","24.4162131500993","23.8477030478585","24.603785602067","24.7978058296372","20.9925534742199","23.0171441379589","22.4355500503213","20.3154371665602","18.6496984416131","","",
"Afrique subsaharienne (BIRD et IDA)","TSS","Rémunération des employées (% des dépenses)","GC.XPN.COMP.ZS","","","","","","","","","","","","","","","","","","","","","","","","","","","","","","","","","","","","","","","","","","","","","","","","","","35.7184569406753","36.1371563371655","38.3950024423137","40.0556141537242","37.7863587112752","37.3525123540573","38.055885633284","38.4994908120001","40.1174810812879","37.6299140755145","39.503885107339","37.9240968532445","35.9168718017744","","","",
"Trinité-et-Tobago","TTO","Rémunération des employées (% des dépenses)","GC.XPN.COMP.ZS","","","","","","","","","","","","","","","","","","","","","","","","","","","","","","","","","","","","","","","","","","36.6291472244949","37.7978653577238","36.9534394292944","32.9711217284681","31.4780549831192","21.7312385823895","26.2562443588529","21.4896831563498","25.5674382361462","24.102061522852","","24.2462344361044","27.1015651101705","24.5121336746922","28.5774237812311","32.2605513854894","30.8763063297636","32.874326725663","32.1341436869829","","","","","",
"Tunisie","TUN","Rémunération des employées (% des dépenses)","GC.XPN.COMP.ZS","","","","","","","","","","","","","46.7780429594272","44.561261625556","45.169946332737","35.7386640663091","37.5463872516918","35.9022879752279","34.1199168892847","28.4903381642512","34.9672852086238","31.8835304822566","33.0426488622428","33.1957580968759","31.8944240165214","32.0371855976594","32.6431127012522","32.0792829188234","31.4841389728097","31.075553810412","31.3653360897455","32.8900183538049","34.5644488999103","34.762692759671","36.2713928160725","36.7104828042328","36.8890053728214","40.2380208875473","40.9383386684774","40.277307085918","39.7631914835836","40.3703938605949","40.7014469415303","41.4448245506513","39.6981260238942","38.9608847730988","38.8649832190652","37.8105221215883","34.9093581577658","34.9444128666337","34.6452017845935","34.8453922725295","35.0527653195779","","","","","","","","","","","","",
"Turquie","TUR","Rémunération des employées (% des dépenses)","GC.XPN.COMP.ZS","","","","","","","","","","","","","46.4037122969838","45.3720508166969","53.6945812807882","47.0010905125409","48.6626402070751","44.589774078478","48.7795275590551","40.7998461834263","41.3059427732942","37.3199195171026","","32.2802197802198","25.8729294657438","23.931929681112","28.9740908895605","30.6712995135511","29.3506396068575","40.3031299354755","47.4849927895531","46.0802377708815","51.5662416985797","41.7538417538418","35.5936757551759","31.6971391088862","26.8574206874556","26.8434533026713","25.2594431491734","","","","","","","","","","21.0636761310251","20.2344840714142","22.0028829308068","22.904348069012","24.5446193268573","24.0258625509557","24.5967886613907","24.8722439193806","25.0035445045936","21.9120107757068","22.0042983461058","22.4929014928192","23.4897827757278","21.7628588372945","19.2040156052455","20.3935169946909","",
"Tuvalu","TUV","Rémunération des employées (% des dépenses)","GC.XPN.COMP.ZS","","","","","","","","","","","","","","","","","","","","","","","","","","","","","","","","","","","","","","","","","","","","","","","","","","","","","","","","","","","","","","","","","",
"Tanzanie","TZA","Rémunération des employées (% des dépenses)","GC.XPN.COMP.ZS","","","","","","","","","","","","","","","","","","","","","","","","","","","","","","","","","","","","","","","","","","","","","","","","","","19.6742866333005","19.6742866333005","20.1448880106345","21.2334096695661","20.5896750351398","19.6597853846454","21.3252739519666","24.6068365171159","20.366647605861","20.9457167905273","21.0167801732614","21.8459503807939","20.6300052363372","16.016200044132","16.7311214684308","17.5298925311652",
"Ouganda","UGA","Rémunération des employées (% des dépenses)","GC.XPN.COMP.ZS","","","","","","","","","","","","","","","","","","","","","","","","","","","","","","","","","","","","","","","","","","","","","","","","","","","","","","","","22.4309006545147","21.0240578129659","21.8133430979477","20.7899581639442","19.5712711676585","20.8645789113244","19.3671366805806","17.0277567061777","17.3686762371896","",
"Ukraine","UKR","Rémunération des employées (% des dépenses)","GC.XPN.COMP.ZS","","","","","","","","","","","","","","","","","","","","","","","","","","","","","","","","","","","","","","","","13.8805047345514","14.9024207188855","16.5147425506936","17.0801701025966","17.5320825391764","15.7095369197441","12.8310561683927","13.074885660929","13.6371720058751","13.0356675924552","12.9066527529746","12.2605295678226","11.6258993731196","11.002255861965","11.5926821463256","10.5633096506149","11.2494097315535","13.645701913393","14.0044694095774","14.9682963505383","16.5951909999074","15.8576961688238","14.9754373625443","33.0788407439233","28.627855150011","",
"Revenu intermédiaire, tranche supérieure","UMC","Rémunération des employées (% des dépenses)","GC.XPN.COMP.ZS","","","","","","","","","","","","","","","","","","","","","","","","","","","","","","","","","","","","","","","20.9583000249613","","","","","24.9613869884251","","","26.2073007754447","25.6923128125079","23.8433281782004","24.7993137189694","22.0028829308068","23.2894975329755","24.5446193268573","21.0819421398443","20.3992497449004","21.7390151601577","21.1305850560253","21.0453707069539","21.3716981124773","21.826577253606","19.2051507495985","17.4546044453543","19.0682840675069","20.460790881312","",
"Uruguay","URY","Rémunération des employées (% des dépenses)","GC.XPN.COMP.ZS","","","","","","","","","","","","","17.5862068965517","33.641404805915","38.0710659898477","35.9910162829871","35.2898811667267","38.5666347075743","32.3307086614173","32.8077563412007","31.4095330216562","32.2631857470453","31.77379638278","30.673824509441","27.8019545543526","28.3019693654267","23.7647354483811","22.5889915461607","22.9835115358713","22.2685571309425","21.4015946286194","18.9511548655812","17.0751717772536","15.4918032786885","15.8939650310209","16.5110816670682","16.8030083124423","16.1223701663952","15.4236677002957","17.6143395491775","14.9738819710588","23.6274071723824","22.225911642375","20.8993774798036","21.7979771032433","22.3356127253575","22.467051491009","22.6734693484472","23.6747359645047","24.6045794752217","23.0165616829781","23.6244029671823","23.0846342335989","23.0579866345583","23.3956959571892","22.9800969816462","32.6054791417314","25.745304272592","25.1930634850519","25.8238215898937","25.025940762538","24.4335508956042","21.1970078936301","22.2328787615142","",
"États-Unis","USA","Rémunération des employées (% des dépenses)","GC.XPN.COMP.ZS","","","","","","","","","","","","","18.5627690415532","17.5153867262535","16.6974269894691","14.9088581357069","13.947574864068","13.5383484440088","13.2774454648551","12.6770196330866","11.5398374814739","11.2687974110417","11.1739801895836","10.7535056597398","10.8802731603779","10.4701920678473","10.3705013358479","10.7046840822147","10.6706984853438","10.4238706553045","10.0607503169751","9.82650345928685","9.71580804566191","9.44565091597285","9.16233658778752","8.86228461052994","8.69812886208562","8.54397652661199","8.48775255204281","8.63810239322808","8.66219716593021","9.75647289375384","10.2860582356088","10.8412456177159","10.9395581388172","10.7995196886294","10.6905441278206","10.5762918038205","10.109483911222","9.89666121268862","10.0144857817811","10.1371717348095","10.2394547754783","10.0564487571078","9.86399671979353","9.72459096365312","9.68522342424181","9.60101713012538","9.48708161387348","9.2337357657645","6.95405625387693","6.64236648073864","7.93636101040609","8.03325036498118","",
"Ouzbékistan","UZB","Rémunération des employées (% des dépenses)","GC.XPN.COMP.ZS","","","","","","","","","","","","","","","","","","","","","","","","","","","","","","","","","","","","","","","","","","","","","","","","","","","","","","","","","7.64349685669138","12.3871335988631","9.25522276230957","7.35965429359584","21.0978778899856","18.0292427506408","22.0873913737063","21.3481141294301","",
"Saint-Vincent-et-les Grenadines","VCT","Rémunération des employées (% des dépenses)","GC.XPN.COMP.ZS","","","","","","","","","","","","","","","","","","","","","","","","","","","","","","","","","","","","","","","","","52.9411031370382","49.7296064507899","50.6380984118033","51.054819805439","50.2738594396468","49.0877704575873","48.186566612748","49.884908965737","47.9532183985136","45.1270080685724","46.8798288393393","46.6819705143902","49.6811222169222","51.0830813966187","51.1111984437327","52.4215246636771","53.4655966422478","49.8234594843952","","","","","","","",
"Venezuela","VEN","Rémunération des employées (% des dépenses)","GC.XPN.COMP.ZS","","","","","","","","","","","","","","","","","","","","","","","","","","","","","","","","","","","","","","","","","","","","","","","","","","","","","","","","","","","","","","","","","",
"Îles Vierges britanniques","VGB","Rémunération des employées (% des dépenses)","GC.XPN.COMP.ZS","","","","","","","","","","","","","","","","","","","","","","","","","","","","","","","","","","","","","","","","","","","","","","","","","","","","","","","","","","","","","","","","","",
"Îles Vierges (EU)","VIR","Rémunération des employées (% des dépenses)","GC.XPN.COMP.ZS","","","","","","","","","","","","","","","","","","","","","","","","","","","","","","","","","","","","","","","","","","","","","","","","","","","","","","","","","","","","","","","","","",
"Viet Nam","VNM","Rémunération des employées (% des dépenses)","GC.XPN.COMP.ZS","","","","","","","","","","","","","","","","","","","","","","","","","","","","","","","","","","","","","","","","","","","","","","","","","","","","","","","","","","","","","","","","","",
"Vanuatu","VUT","Rémunération des employées (% des dépenses)","GC.XPN.COMP.ZS","","","","","","","","","","","","","","","","","","","","","","","","","","","","","","","60.2697148728487","","","","","53.7969209479329","51.4118191637093","45.7347447073474","56.9442274644587","57.4742664003687","","","","","","","","","","54.5177817962628","51.8290543984009","51.7979852318648","53.3759176207299","53.7622840670799","49.7008399987486","46.4334778310606","42.0668478542398","39.004641406354","48.7467699035796","47.7347158354104","43.3158628567589","48.1773771627642","46.8666289263316","46.0556685283738","",
"Monde","WLD","Rémunération des employées (% des dépenses)","GC.XPN.COMP.ZS","","","","","","","","","","","","","","","","","","","","","","","","","","","","","","","","","","","","","","","","","","","21.1190991521543","20.9469605969176","21.4478424081448","23.0008353144522","22.4427747679597","24.2418287877137","21.4720819622219","22.9150310386401","23.1408610145586","22.9654958054805","23.6128960093583","21.660235854201","23.3956959571892","24.1389587166298","24.1765633128953","23.7847238030566","23.4064215825533","23.6813573587528","21.8928925614851","20.5582253013847","19.0514468990497","","",
"Samoa","WSM","Rémunération des employées (% des dépenses)","GC.XPN.COMP.ZS","","","","","","","","","","","","","","","","","","","","","","","","","","","","","","","","","","","","","","","","","","","","","","","","","","","","","39.5909898883414","40.0573339575823","38.768576427421","41.6091679311486","44.8390478365892","48.4909703752223","43.1671304458526","44.0617426305678","45.728428101872","43.6170602926403","47.3017967698254","46.1422435818158","",
"Kosovo","XKX","Rémunération des employées (% des dépenses)","GC.XPN.COMP.ZS","","","","","","","","","","","","","","","","","","","","","","","","","","","","","","","","","","","","","","","","","","","","","","","","","","","","","","","","","","","","","","","","","",
"Yémen, Rép. du","YEM","Rémunération des employées (% des dépenses)","GC.XPN.COMP.ZS","","","","","","","","","","","","","","","","","","","","","","","","","","","","","","","","","","","","","","","","","","","","","","","","","","","","","","","","","","","","","","","","","",
"Afrique du Sud","ZAF","Rémunération des employées (% des dépenses)","GC.XPN.COMP.ZS","","","","","","","","","","","","","24.8455730954015","24.1815048822516","24.3794326241135","23.5241502683363","23.0769230769231","23.1731933790876","23.3957845433255","23.3401779603012","24.7683303527882","25.0342711665252","26.2494185746033","24.2684954280964","27.1234328094649","24.8124221443263","","","26.3119761563668","27.3978597848491","28.4626247751934","30.3943368459497","45.2639943945518","43.0116881912898","30.2700973772123","15.6073489780097","16.4257857306722","16.8103270261435","16.7378968216508","16.1874596284774","15.5576142017573","15.6748471661881","15.019831540529","14.6041159459861","14.2311792500774","14.306916377492","13.8063526035368","13.7727750282262","13.3758168185007","13.2616697248981","14.1913814246356","13.3789265853581","14.1985153719738","14.1843248176175","14.0636758356188","14.0833790399413","14.9185818781451","14.6717530623951","14.3312359606464","14.183677921195","13.2195622480856","13.6882336859795","13.4908251805042","","",
"Zambie","ZMB","Rémunération des employées (% des dépenses)","GC.XPN.COMP.ZS","","","","","","","","","","","","","","","","","","","","","","","","","","","","","","","","","","","","","","","34.7344790215204","31.1315688530878","","38.9035766297602","43.8070799474877","44.6914602764809","38.7682855259753","36.417867940977","37.628377552268","42.6209815937953","40.1511202429659","46.4076812133122","44.8393493229467","42.0474563995996","49.1394426776038","42.1066347214646","45.4119069855794","38.4858379892223","38.4994908120001","38.8734826301015","37.891833157342","33.8550376301314","32.3790442572966","27.9572546515538","","","",
"Zimbabwe","ZWE","Rémunération des employées (% des dépenses)","GC.XPN.COMP.ZS","","","","","","","","","","","","","","","","","","","","","","","","","","","","","","","","","","","","","","","","","","","","","","","","","","56.3310393684216","48.7591429042711","57.3964704401426","62.8170229007457","","","49.1589038225749","43.9361115659239","41.8293769671049","36.5902610040963","","","","","","",
